C:\Users\simon\Documents\Code\thesis-code\jfreechart-master\src\main,C:\Users\simon\Documents\Code\thesis-code\jfreechart-master\src\test\java\org\jfree\chart\annotations\CategoryLineAnnotationTest.java
C:\Users\simon\Documents\Code\thesis-code\jfreechart-master\src\main,C:\Users\simon\Documents\Code\thesis-code\jfreechart-master\src\test\java\org\jfree\chart\annotations\CategoryPointerAnnotationTest.java
C:\Users\simon\Documents\Code\thesis-code\jfreechart-master\src\main,C:\Users\simon\Documents\Code\thesis-code\jfreechart-master\src\test\java\org\jfree\chart\annotations\CategoryTextAnnotationTest.java
C:\Users\simon\Documents\Code\thesis-code\jfreechart-master\src\main,C:\Users\simon\Documents\Code\thesis-code\jfreechart-master\src\test\java\org\jfree\chart\annotations\TextAnnotationTest.java
C:\Users\simon\Documents\Code\thesis-code\jfreechart-master\src\main,C:\Users\simon\Documents\Code\thesis-code\jfreechart-master\src\test\java\org\jfree\chart\annotations\XYBoxAnnotationTest.java
C:\Users\simon\Documents\Code\thesis-code\jfreechart-master\src\main,C:\Users\simon\Documents\Code\thesis-code\jfreechart-master\src\test\java\org\jfree\chart\annotations\XYDrawableAnnotationTest.java
C:\Users\simon\Documents\Code\thesis-code\jfreechart-master\src\main,C:\Users\simon\Documents\Code\thesis-code\jfreechart-master\src\test\java\org\jfree\chart\annotations\XYImageAnnotationTest.java
C:\Users\simon\Documents\Code\thesis-code\jfreechart-master\src\main,C:\Users\simon\Documents\Code\thesis-code\jfreechart-master\src\test\java\org\jfree\chart\annotations\XYLineAnnotationTest.java
C:\Users\simon\Documents\Code\thesis-code\jfreechart-master\src\main,C:\Users\simon\Documents\Code\thesis-code\jfreechart-master\src\test\java\org\jfree\chart\annotations\XYPointerAnnotationTest.java
C:\Users\simon\Documents\Code\thesis-code\jfreechart-master\src\main,C:\Users\simon\Documents\Code\thesis-code\jfreechart-master\src\test\java\org\jfree\chart\annotations\XYPolygonAnnotationTest.java
C:\Users\simon\Documents\Code\thesis-code\jfreechart-master\src\main,C:\Users\simon\Documents\Code\thesis-code\jfreechart-master\src\test\java\org\jfree\chart\annotations\XYShapeAnnotationTest.java
C:\Users\simon\Documents\Code\thesis-code\jfreechart-master\src\main,C:\Users\simon\Documents\Code\thesis-code\jfreechart-master\src\test\java\org\jfree\chart\annotations\XYTextAnnotationTest.java
C:\Users\simon\Documents\Code\thesis-code\jfreechart-master\src\main,C:\Users\simon\Documents\Code\thesis-code\jfreechart-master\src\test\java\org\jfree\chart\annotations\XYTitleAnnotationTest.java
C:\Users\simon\Documents\Code\thesis-code\jfreechart-master\src\main,C:\Users\simon\Documents\Code\thesis-code\jfreechart-master\src\test\java\org\jfree\chart\api\RectangleAlignmentTest.java
C:\Users\simon\Documents\Code\thesis-code\jfreechart-master\src\main,C:\Users\simon\Documents\Code\thesis-code\jfreechart-master\src\test\java\org\jfree\chart\AreaChartTest.java
C:\Users\simon\Documents\Code\thesis-code\jfreechart-master\src\main,C:\Users\simon\Documents\Code\thesis-code\jfreechart-master\src\test\java\org\jfree\chart\axis\AxisLocationTest.java
C:\Users\simon\Documents\Code\thesis-code\jfreechart-master\src\main,C:\Users\simon\Documents\Code\thesis-code\jfreechart-master\src\test\java\org\jfree\chart\axis\AxisSpaceTest.java
C:\Users\simon\Documents\Code\thesis-code\jfreechart-master\src\main,C:\Users\simon\Documents\Code\thesis-code\jfreechart-master\src\test\java\org\jfree\chart\axis\AxisTest.java
C:\Users\simon\Documents\Code\thesis-code\jfreechart-master\src\main,C:\Users\simon\Documents\Code\thesis-code\jfreechart-master\src\test\java\org\jfree\chart\axis\CategoryAnchorTest.java
C:\Users\simon\Documents\Code\thesis-code\jfreechart-master\src\main,C:\Users\simon\Documents\Code\thesis-code\jfreechart-master\src\test\java\org\jfree\chart\axis\CategoryAxisTest.java
C:\Users\simon\Documents\Code\thesis-code\jfreechart-master\src\main,C:\Users\simon\Documents\Code\thesis-code\jfreechart-master\src\test\java\org\jfree\chart\axis\CategoryLabelPositionsTest.java
C:\Users\simon\Documents\Code\thesis-code\jfreechart-master\src\main,C:\Users\simon\Documents\Code\thesis-code\jfreechart-master\src\test\java\org\jfree\chart\axis\CategoryLabelPositionTest.java
C:\Users\simon\Documents\Code\thesis-code\jfreechart-master\src\main,C:\Users\simon\Documents\Code\thesis-code\jfreechart-master\src\test\java\org\jfree\chart\axis\CategoryLabelWidthTypeTest.java
C:\Users\simon\Documents\Code\thesis-code\jfreechart-master\src\main,C:\Users\simon\Documents\Code\thesis-code\jfreechart-master\src\test\java\org\jfree\chart\axis\CategoryTickTest.java
C:\Users\simon\Documents\Code\thesis-code\jfreechart-master\src\main,C:\Users\simon\Documents\Code\thesis-code\jfreechart-master\src\test\java\org\jfree\chart\axis\CyclicNumberAxisTest.java
C:\Users\simon\Documents\Code\thesis-code\jfreechart-master\src\main,C:\Users\simon\Documents\Code\thesis-code\jfreechart-master\src\test\java\org\jfree\chart\axis\DateAxisTest.java
C:\Users\simon\Documents\Code\thesis-code\jfreechart-master\src\main,C:\Users\simon\Documents\Code\thesis-code\jfreechart-master\src\test\java\org\jfree\chart\axis\DateTickMarkPositionTest.java
C:\Users\simon\Documents\Code\thesis-code\jfreechart-master\src\main,C:\Users\simon\Documents\Code\thesis-code\jfreechart-master\src\test\java\org\jfree\chart\axis\DateTickTest.java
C:\Users\simon\Documents\Code\thesis-code\jfreechart-master\src\main,C:\Users\simon\Documents\Code\thesis-code\jfreechart-master\src\test\java\org\jfree\chart\axis\DateTickUnitTest.java
C:\Users\simon\Documents\Code\thesis-code\jfreechart-master\src\main,C:\Users\simon\Documents\Code\thesis-code\jfreechart-master\src\test\java\org\jfree\chart\axis\ExtendedCategoryAxisTest.java
C:\Users\simon\Documents\Code\thesis-code\jfreechart-master\src\main,C:\Users\simon\Documents\Code\thesis-code\jfreechart-master\src\test\java\org\jfree\chart\axis\LogarithmicAxisTest.java
C:\Users\simon\Documents\Code\thesis-code\jfreechart-master\src\main,C:\Users\simon\Documents\Code\thesis-code\jfreechart-master\src\test\java\org\jfree\chart\axis\LogAxisTest.java
C:\Users\simon\Documents\Code\thesis-code\jfreechart-master\src\main,C:\Users\simon\Documents\Code\thesis-code\jfreechart-master\src\test\java\org\jfree\chart\axis\MarkerAxisBandTest.java
C:\Users\simon\Documents\Code\thesis-code\jfreechart-master\src\main,C:\Users\simon\Documents\Code\thesis-code\jfreechart-master\src\test\java\org\jfree\chart\axis\ModuloAxisTest.java
C:\Users\simon\Documents\Code\thesis-code\jfreechart-master\src\main,C:\Users\simon\Documents\Code\thesis-code\jfreechart-master\src\test\java\org\jfree\chart\axis\MonthDateFormatTest.java
C:\Users\simon\Documents\Code\thesis-code\jfreechart-master\src\main,C:\Users\simon\Documents\Code\thesis-code\jfreechart-master\src\test\java\org\jfree\chart\axis\NumberAxisTest.java
C:\Users\simon\Documents\Code\thesis-code\jfreechart-master\src\main,C:\Users\simon\Documents\Code\thesis-code\jfreechart-master\src\test\java\org\jfree\chart\axis\NumberTickUnitTest.java
C:\Users\simon\Documents\Code\thesis-code\jfreechart-master\src\main,C:\Users\simon\Documents\Code\thesis-code\jfreechart-master\src\test\java\org\jfree\chart\axis\PeriodAxisLabelInfoTest.java
C:\Users\simon\Documents\Code\thesis-code\jfreechart-master\src\main,C:\Users\simon\Documents\Code\thesis-code\jfreechart-master\src\test\java\org\jfree\chart\axis\PeriodAxisTest.java
C:\Users\simon\Documents\Code\thesis-code\jfreechart-master\src\main,C:\Users\simon\Documents\Code\thesis-code\jfreechart-master\src\test\java\org\jfree\chart\axis\QuarterDateFormatTest.java
C:\Users\simon\Documents\Code\thesis-code\jfreechart-master\src\main,C:\Users\simon\Documents\Code\thesis-code\jfreechart-master\src\test\java\org\jfree\chart\axis\StandardTickUnitSourceTest.java
C:\Users\simon\Documents\Code\thesis-code\jfreechart-master\src\main,C:\Users\simon\Documents\Code\thesis-code\jfreechart-master\src\test\java\org\jfree\chart\axis\SubCategoryAxisTest.java
C:\Users\simon\Documents\Code\thesis-code\jfreechart-master\src\main,C:\Users\simon\Documents\Code\thesis-code\jfreechart-master\src\test\java\org\jfree\chart\axis\SymbolAxisTest.java
C:\Users\simon\Documents\Code\thesis-code\jfreechart-master\src\main,C:\Users\simon\Documents\Code\thesis-code\jfreechart-master\src\test\java\org\jfree\chart\axis\TickUnitsTest.java
C:\Users\simon\Documents\Code\thesis-code\jfreechart-master\src\main,C:\Users\simon\Documents\Code\thesis-code\jfreechart-master\src\test\java\org\jfree\chart\axis\ValueAxisTest.java
C:\Users\simon\Documents\Code\thesis-code\jfreechart-master\src\main,C:\Users\simon\Documents\Code\thesis-code\jfreechart-master\src\test\java\org\jfree\chart\BarChartTest.java
C:\Users\simon\Documents\Code\thesis-code\jfreechart-master\src\main,C:\Users\simon\Documents\Code\thesis-code\jfreechart-master\src\test\java\org\jfree\chart\block\AbstractBlockTest.java
C:\Users\simon\Documents\Code\thesis-code\jfreechart-master\src\main,C:\Users\simon\Documents\Code\thesis-code\jfreechart-master\src\test\java\org\jfree\chart\block\BlockBorderTest.java
C:\Users\simon\Documents\Code\thesis-code\jfreechart-master\src\main,C:\Users\simon\Documents\Code\thesis-code\jfreechart-master\src\test\java\org\jfree\chart\block\BlockContainerTest.java
C:\Users\simon\Documents\Code\thesis-code\jfreechart-master\src\main,C:\Users\simon\Documents\Code\thesis-code\jfreechart-master\src\test\java\org\jfree\chart\block\BorderArrangementTest.java
C:\Users\simon\Documents\Code\thesis-code\jfreechart-master\src\main,C:\Users\simon\Documents\Code\thesis-code\jfreechart-master\src\test\java\org\jfree\chart\block\ColorBlockTest.java
C:\Users\simon\Documents\Code\thesis-code\jfreechart-master\src\main,C:\Users\simon\Documents\Code\thesis-code\jfreechart-master\src\test\java\org\jfree\chart\block\ColumnArrangementTest.java
C:\Users\simon\Documents\Code\thesis-code\jfreechart-master\src\main,C:\Users\simon\Documents\Code\thesis-code\jfreechart-master\src\test\java\org\jfree\chart\block\EmptyBlockTest.java
C:\Users\simon\Documents\Code\thesis-code\jfreechart-master\src\main,C:\Users\simon\Documents\Code\thesis-code\jfreechart-master\src\test\java\org\jfree\chart\block\FlowArrangementTest.java
C:\Users\simon\Documents\Code\thesis-code\jfreechart-master\src\main,C:\Users\simon\Documents\Code\thesis-code\jfreechart-master\src\test\java\org\jfree\chart\block\GridArrangementTest.java
C:\Users\simon\Documents\Code\thesis-code\jfreechart-master\src\main,C:\Users\simon\Documents\Code\thesis-code\jfreechart-master\src\test\java\org\jfree\chart\block\LabelBlockTest.java
C:\Users\simon\Documents\Code\thesis-code\jfreechart-master\src\main,C:\Users\simon\Documents\Code\thesis-code\jfreechart-master\src\test\java\org\jfree\chart\block\LineBorderTest.java
C:\Users\simon\Documents\Code\thesis-code\jfreechart-master\src\main,C:\Users\simon\Documents\Code\thesis-code\jfreechart-master\src\test\java\org\jfree\chart\block\RectangleConstraintTest.java
C:\Users\simon\Documents\Code\thesis-code\jfreechart-master\src\main,C:\Users\simon\Documents\Code\thesis-code\jfreechart-master\src\test\java\org\jfree\chart\ChartRenderingInfoTest.java
C:\Users\simon\Documents\Code\thesis-code\jfreechart-master\src\main,C:\Users\simon\Documents\Code\thesis-code\jfreechart-master\src\test\java\org\jfree\chart\encoders\EncoderUtilTest.java
C:\Users\simon\Documents\Code\thesis-code\jfreechart-master\src\main,C:\Users\simon\Documents\Code\thesis-code\jfreechart-master\src\test\java\org\jfree\chart\entity\CategoryItemEntityTest.java
C:\Users\simon\Documents\Code\thesis-code\jfreechart-master\src\main,C:\Users\simon\Documents\Code\thesis-code\jfreechart-master\src\test\java\org\jfree\chart\entity\CategoryLabelEntityTest.java
C:\Users\simon\Documents\Code\thesis-code\jfreechart-master\src\main,C:\Users\simon\Documents\Code\thesis-code\jfreechart-master\src\test\java\org\jfree\chart\entity\FlowEntityTest.java
C:\Users\simon\Documents\Code\thesis-code\jfreechart-master\src\main,C:\Users\simon\Documents\Code\thesis-code\jfreechart-master\src\test\java\org\jfree\chart\entity\LegendItemEntityTest.java
C:\Users\simon\Documents\Code\thesis-code\jfreechart-master\src\main,C:\Users\simon\Documents\Code\thesis-code\jfreechart-master\src\test\java\org\jfree\chart\entity\PieSectionEntityTest.java
C:\Users\simon\Documents\Code\thesis-code\jfreechart-master\src\main,C:\Users\simon\Documents\Code\thesis-code\jfreechart-master\src\test\java\org\jfree\chart\entity\StandardEntityCollectionTest.java
C:\Users\simon\Documents\Code\thesis-code\jfreechart-master\src\main,C:\Users\simon\Documents\Code\thesis-code\jfreechart-master\src\test\java\org\jfree\chart\entity\TickLabelEntityTest.java
C:\Users\simon\Documents\Code\thesis-code\jfreechart-master\src\main,C:\Users\simon\Documents\Code\thesis-code\jfreechart-master\src\test\java\org\jfree\chart\entity\XYItemEntityTest.java
C:\Users\simon\Documents\Code\thesis-code\jfreechart-master\src\main,C:\Users\simon\Documents\Code\thesis-code\jfreechart-master\src\test\java\org\jfree\chart\GanttChartTest.java
C:\Users\simon\Documents\Code\thesis-code\jfreechart-master\src\main,C:\Users\simon\Documents\Code\thesis-code\jfreechart-master\src\test\java\org\jfree\chart\imagemap\DynamicDriveToolTipTagFragmentGeneratorTest.java
C:\Users\simon\Documents\Code\thesis-code\jfreechart-master\src\main,C:\Users\simon\Documents\Code\thesis-code\jfreechart-master\src\test\java\org\jfree\chart\imagemap\ImageMapUtilsTest.java
C:\Users\simon\Documents\Code\thesis-code\jfreechart-master\src\main,C:\Users\simon\Documents\Code\thesis-code\jfreechart-master\src\test\java\org\jfree\chart\imagemap\OverLIBToolTipTagFragmentGeneratorTest.java
C:\Users\simon\Documents\Code\thesis-code\jfreechart-master\src\main,C:\Users\simon\Documents\Code\thesis-code\jfreechart-master\src\test\java\org\jfree\chart\imagemap\StandardToolTipTagFragmentGeneratorTest.java
C:\Users\simon\Documents\Code\thesis-code\jfreechart-master\src\main,C:\Users\simon\Documents\Code\thesis-code\jfreechart-master\src\test\java\org\jfree\chart\imagemap\StandardURLTagFragmentGeneratorTest.java
C:\Users\simon\Documents\Code\thesis-code\jfreechart-master\src\main,C:\Users\simon\Documents\Code\thesis-code\jfreechart-master\src\test\java\org\jfree\chart\internal\ArgsTest.java
C:\Users\simon\Documents\Code\thesis-code\jfreechart-master\src\main,C:\Users\simon\Documents\Code\thesis-code\jfreechart-master\src\test\java\org\jfree\chart\internal\CloneUtilsTest.java
C:\Users\simon\Documents\Code\thesis-code\jfreechart-master\src\main,C:\Users\simon\Documents\Code\thesis-code\jfreechart-master\src\test\java\org\jfree\chart\internal\HashUtilsTest.java
C:\Users\simon\Documents\Code\thesis-code\jfreechart-master\src\main,C:\Users\simon\Documents\Code\thesis-code\jfreechart-master\src\test\java\org\jfree\chart\internal\LineUtilsTest.java
C:\Users\simon\Documents\Code\thesis-code\jfreechart-master\src\main,C:\Users\simon\Documents\Code\thesis-code\jfreechart-master\src\test\java\org\jfree\chart\internal\SerialUtilsTest.java
C:\Users\simon\Documents\Code\thesis-code\jfreechart-master\src\main,C:\Users\simon\Documents\Code\thesis-code\jfreechart-master\src\test\java\org\jfree\chart\internal\ShapeUtilsTest.java
C:\Users\simon\Documents\Code\thesis-code\jfreechart-master\src\main,C:\Users\simon\Documents\Code\thesis-code\jfreechart-master\src\test\java\org\jfree\chart\JFreeChartTest.java
C:\Users\simon\Documents\Code\thesis-code\jfreechart-master\src\main,C:\Users\simon\Documents\Code\thesis-code\jfreechart-master\src\test\java\org\jfree\chart\labels\BoxAndWhiskerToolTipGeneratorTest.java
C:\Users\simon\Documents\Code\thesis-code\jfreechart-master\src\main,C:\Users\simon\Documents\Code\thesis-code\jfreechart-master\src\test\java\org\jfree\chart\labels\BoxAndWhiskerXYToolTipGeneratorTest.java
C:\Users\simon\Documents\Code\thesis-code\jfreechart-master\src\main,C:\Users\simon\Documents\Code\thesis-code\jfreechart-master\src\test\java\org\jfree\chart\labels\BubbleXYItemLabelGeneratorTest.java
C:\Users\simon\Documents\Code\thesis-code\jfreechart-master\src\main,C:\Users\simon\Documents\Code\thesis-code\jfreechart-master\src\test\java\org\jfree\chart\labels\CustomXYItemLabelGeneratorTest.java
C:\Users\simon\Documents\Code\thesis-code\jfreechart-master\src\main,C:\Users\simon\Documents\Code\thesis-code\jfreechart-master\src\test\java\org\jfree\chart\labels\HighLowItemLabelGeneratorTest.java
C:\Users\simon\Documents\Code\thesis-code\jfreechart-master\src\main,C:\Users\simon\Documents\Code\thesis-code\jfreechart-master\src\test\java\org\jfree\chart\labels\IntervalCategoryItemLabelGeneratorTest.java
C:\Users\simon\Documents\Code\thesis-code\jfreechart-master\src\main,C:\Users\simon\Documents\Code\thesis-code\jfreechart-master\src\test\java\org\jfree\chart\labels\IntervalCategoryToolTipGeneratorTest.java
C:\Users\simon\Documents\Code\thesis-code\jfreechart-master\src\main,C:\Users\simon\Documents\Code\thesis-code\jfreechart-master\src\test\java\org\jfree\chart\labels\ItemLabelAnchorTest.java
C:\Users\simon\Documents\Code\thesis-code\jfreechart-master\src\main,C:\Users\simon\Documents\Code\thesis-code\jfreechart-master\src\test\java\org\jfree\chart\labels\ItemLabelPositionTest.java
C:\Users\simon\Documents\Code\thesis-code\jfreechart-master\src\main,C:\Users\simon\Documents\Code\thesis-code\jfreechart-master\src\test\java\org\jfree\chart\labels\MultipleXYSeriesLabelGeneratorTest.java
C:\Users\simon\Documents\Code\thesis-code\jfreechart-master\src\main,C:\Users\simon\Documents\Code\thesis-code\jfreechart-master\src\test\java\org\jfree\chart\labels\StandardCategoryItemLabelGeneratorTest.java
C:\Users\simon\Documents\Code\thesis-code\jfreechart-master\src\main,C:\Users\simon\Documents\Code\thesis-code\jfreechart-master\src\test\java\org\jfree\chart\labels\StandardCategorySeriesLabelGeneratorTest.java
C:\Users\simon\Documents\Code\thesis-code\jfreechart-master\src\main,C:\Users\simon\Documents\Code\thesis-code\jfreechart-master\src\test\java\org\jfree\chart\labels\StandardCategoryToolTipGeneratorTest.java
C:\Users\simon\Documents\Code\thesis-code\jfreechart-master\src\main,C:\Users\simon\Documents\Code\thesis-code\jfreechart-master\src\test\java\org\jfree\chart\labels\StandardFlowLabelGeneratorTest.java
C:\Users\simon\Documents\Code\thesis-code\jfreechart-master\src\main,C:\Users\simon\Documents\Code\thesis-code\jfreechart-master\src\test\java\org\jfree\chart\labels\StandardPieSectionLabelGeneratorTest.java
C:\Users\simon\Documents\Code\thesis-code\jfreechart-master\src\main,C:\Users\simon\Documents\Code\thesis-code\jfreechart-master\src\test\java\org\jfree\chart\labels\StandardPieToolTipGeneratorTest.java
C:\Users\simon\Documents\Code\thesis-code\jfreechart-master\src\main,C:\Users\simon\Documents\Code\thesis-code\jfreechart-master\src\test\java\org\jfree\chart\labels\StandardXYItemLabelGeneratorTest.java
C:\Users\simon\Documents\Code\thesis-code\jfreechart-master\src\main,C:\Users\simon\Documents\Code\thesis-code\jfreechart-master\src\test\java\org\jfree\chart\labels\StandardXYSeriesLabelGeneratorTest.java
C:\Users\simon\Documents\Code\thesis-code\jfreechart-master\src\main,C:\Users\simon\Documents\Code\thesis-code\jfreechart-master\src\test\java\org\jfree\chart\labels\StandardXYToolTipGeneratorTest.java
C:\Users\simon\Documents\Code\thesis-code\jfreechart-master\src\main,C:\Users\simon\Documents\Code\thesis-code\jfreechart-master\src\test\java\org\jfree\chart\labels\StandardXYZToolTipGeneratorTest.java
C:\Users\simon\Documents\Code\thesis-code\jfreechart-master\src\main,C:\Users\simon\Documents\Code\thesis-code\jfreechart-master\src\test\java\org\jfree\chart\labels\SymbolicXYItemLabelGeneratorTest.java
C:\Users\simon\Documents\Code\thesis-code\jfreechart-master\src\main,C:\Users\simon\Documents\Code\thesis-code\jfreechart-master\src\test\java\org\jfree\chart\legend\LegendGraphicTest.java
C:\Users\simon\Documents\Code\thesis-code\jfreechart-master\src\main,C:\Users\simon\Documents\Code\thesis-code\jfreechart-master\src\test\java\org\jfree\chart\legend\LegendTitleTest.java
C:\Users\simon\Documents\Code\thesis-code\jfreechart-master\src\main,C:\Users\simon\Documents\Code\thesis-code\jfreechart-master\src\test\java\org\jfree\chart\legend\PaintScaleLegendTest.java
C:\Users\simon\Documents\Code\thesis-code\jfreechart-master\src\main,C:\Users\simon\Documents\Code\thesis-code\jfreechart-master\src\test\java\org\jfree\chart\LegendItemCollectionTest.java
C:\Users\simon\Documents\Code\thesis-code\jfreechart-master\src\main,C:\Users\simon\Documents\Code\thesis-code\jfreechart-master\src\test\java\org\jfree\chart\LegendItemTest.java
C:\Users\simon\Documents\Code\thesis-code\jfreechart-master\src\main,C:\Users\simon\Documents\Code\thesis-code\jfreechart-master\src\test\java\org\jfree\chart\LineChartTest.java
C:\Users\simon\Documents\Code\thesis-code\jfreechart-master\src\main,C:\Users\simon\Documents\Code\thesis-code\jfreechart-master\src\test\java\org\jfree\chart\MeterChartTest.java
C:\Users\simon\Documents\Code\thesis-code\jfreechart-master\src\main,C:\Users\simon\Documents\Code\thesis-code\jfreechart-master\src\test\java\org\jfree\chart\PieChartTest.java
C:\Users\simon\Documents\Code\thesis-code\jfreechart-master\src\main,C:\Users\simon\Documents\Code\thesis-code\jfreechart-master\src\test\java\org\jfree\chart\plot\CategoryMarkerTest.java
C:\Users\simon\Documents\Code\thesis-code\jfreechart-master\src\main,C:\Users\simon\Documents\Code\thesis-code\jfreechart-master\src\test\java\org\jfree\chart\plot\CategoryPlotTest.java
C:\Users\simon\Documents\Code\thesis-code\jfreechart-master\src\main,C:\Users\simon\Documents\Code\thesis-code\jfreechart-master\src\test\java\org\jfree\chart\plot\CombinedDomainCategoryPlotTest.java
C:\Users\simon\Documents\Code\thesis-code\jfreechart-master\src\main,C:\Users\simon\Documents\Code\thesis-code\jfreechart-master\src\test\java\org\jfree\chart\plot\CombinedDomainXYPlotTest.java
C:\Users\simon\Documents\Code\thesis-code\jfreechart-master\src\main,C:\Users\simon\Documents\Code\thesis-code\jfreechart-master\src\test\java\org\jfree\chart\plot\CombinedRangeCategoryPlotTest.java
C:\Users\simon\Documents\Code\thesis-code\jfreechart-master\src\main,C:\Users\simon\Documents\Code\thesis-code\jfreechart-master\src\test\java\org\jfree\chart\plot\CombinedRangeXYPlotTest.java
C:\Users\simon\Documents\Code\thesis-code\jfreechart-master\src\main,C:\Users\simon\Documents\Code\thesis-code\jfreechart-master\src\test\java\org\jfree\chart\plot\compass\ArrowNeedleTest.java
C:\Users\simon\Documents\Code\thesis-code\jfreechart-master\src\main,C:\Users\simon\Documents\Code\thesis-code\jfreechart-master\src\test\java\org\jfree\chart\plot\compass\CompassPlotTest.java
C:\Users\simon\Documents\Code\thesis-code\jfreechart-master\src\main,C:\Users\simon\Documents\Code\thesis-code\jfreechart-master\src\test\java\org\jfree\chart\plot\compass\LineNeedleTest.java
C:\Users\simon\Documents\Code\thesis-code\jfreechart-master\src\main,C:\Users\simon\Documents\Code\thesis-code\jfreechart-master\src\test\java\org\jfree\chart\plot\compass\LongNeedleTest.java
C:\Users\simon\Documents\Code\thesis-code\jfreechart-master\src\main,C:\Users\simon\Documents\Code\thesis-code\jfreechart-master\src\test\java\org\jfree\chart\plot\compass\MeterNeedleTest.java
C:\Users\simon\Documents\Code\thesis-code\jfreechart-master\src\main,C:\Users\simon\Documents\Code\thesis-code\jfreechart-master\src\test\java\org\jfree\chart\plot\compass\MiddlePinNeedleTest.java
C:\Users\simon\Documents\Code\thesis-code\jfreechart-master\src\main,C:\Users\simon\Documents\Code\thesis-code\jfreechart-master\src\test\java\org\jfree\chart\plot\compass\PinNeedleTest.java
C:\Users\simon\Documents\Code\thesis-code\jfreechart-master\src\main,C:\Users\simon\Documents\Code\thesis-code\jfreechart-master\src\test\java\org\jfree\chart\plot\compass\PlumNeedleTest.java
C:\Users\simon\Documents\Code\thesis-code\jfreechart-master\src\main,C:\Users\simon\Documents\Code\thesis-code\jfreechart-master\src\test\java\org\jfree\chart\plot\compass\PointerNeedleTest.java
C:\Users\simon\Documents\Code\thesis-code\jfreechart-master\src\main,C:\Users\simon\Documents\Code\thesis-code\jfreechart-master\src\test\java\org\jfree\chart\plot\compass\ShipNeedleTest.java
C:\Users\simon\Documents\Code\thesis-code\jfreechart-master\src\main,C:\Users\simon\Documents\Code\thesis-code\jfreechart-master\src\test\java\org\jfree\chart\plot\compass\WindNeedleTest.java
C:\Users\simon\Documents\Code\thesis-code\jfreechart-master\src\main,C:\Users\simon\Documents\Code\thesis-code\jfreechart-master\src\test\java\org\jfree\chart\plot\CrosshairTest.java
C:\Users\simon\Documents\Code\thesis-code\jfreechart-master\src\main,C:\Users\simon\Documents\Code\thesis-code\jfreechart-master\src\test\java\org\jfree\chart\plot\DefaultDrawingSupplierTest.java
C:\Users\simon\Documents\Code\thesis-code\jfreechart-master\src\main,C:\Users\simon\Documents\Code\thesis-code\jfreechart-master\src\test\java\org\jfree\chart\plot\dial\AbstractDialLayerTest.java
C:\Users\simon\Documents\Code\thesis-code\jfreechart-master\src\main,C:\Users\simon\Documents\Code\thesis-code\jfreechart-master\src\test\java\org\jfree\chart\plot\dial\ArcDialFrameTest.java
C:\Users\simon\Documents\Code\thesis-code\jfreechart-master\src\main,C:\Users\simon\Documents\Code\thesis-code\jfreechart-master\src\test\java\org\jfree\chart\plot\dial\DialBackgroundTest.java
C:\Users\simon\Documents\Code\thesis-code\jfreechart-master\src\main,C:\Users\simon\Documents\Code\thesis-code\jfreechart-master\src\test\java\org\jfree\chart\plot\dial\DialCapTest.java
C:\Users\simon\Documents\Code\thesis-code\jfreechart-master\src\main,C:\Users\simon\Documents\Code\thesis-code\jfreechart-master\src\test\java\org\jfree\chart\plot\dial\DialPlotTest.java
C:\Users\simon\Documents\Code\thesis-code\jfreechart-master\src\main,C:\Users\simon\Documents\Code\thesis-code\jfreechart-master\src\test\java\org\jfree\chart\plot\dial\DialPointerTest.java
C:\Users\simon\Documents\Code\thesis-code\jfreechart-master\src\main,C:\Users\simon\Documents\Code\thesis-code\jfreechart-master\src\test\java\org\jfree\chart\plot\dial\DialTextAnnotationTest.java
C:\Users\simon\Documents\Code\thesis-code\jfreechart-master\src\main,C:\Users\simon\Documents\Code\thesis-code\jfreechart-master\src\test\java\org\jfree\chart\plot\dial\DialValueIndicatorTest.java
C:\Users\simon\Documents\Code\thesis-code\jfreechart-master\src\main,C:\Users\simon\Documents\Code\thesis-code\jfreechart-master\src\test\java\org\jfree\chart\plot\dial\StandardDialFrameTest.java
C:\Users\simon\Documents\Code\thesis-code\jfreechart-master\src\main,C:\Users\simon\Documents\Code\thesis-code\jfreechart-master\src\test\java\org\jfree\chart\plot\dial\StandardDialRangeTest.java
C:\Users\simon\Documents\Code\thesis-code\jfreechart-master\src\main,C:\Users\simon\Documents\Code\thesis-code\jfreechart-master\src\test\java\org\jfree\chart\plot\dial\StandardDialScaleTest.java
C:\Users\simon\Documents\Code\thesis-code\jfreechart-master\src\main,C:\Users\simon\Documents\Code\thesis-code\jfreechart-master\src\test\java\org\jfree\chart\plot\FastScatterPlotTest.java
C:\Users\simon\Documents\Code\thesis-code\jfreechart-master\src\main,C:\Users\simon\Documents\Code\thesis-code\jfreechart-master\src\test\java\org\jfree\chart\plot\flow\FlowPlotTest.java
C:\Users\simon\Documents\Code\thesis-code\jfreechart-master\src\main,C:\Users\simon\Documents\Code\thesis-code\jfreechart-master\src\test\java\org\jfree\chart\plot\IntervalMarkerTest.java
C:\Users\simon\Documents\Code\thesis-code\jfreechart-master\src\main,C:\Users\simon\Documents\Code\thesis-code\jfreechart-master\src\test\java\org\jfree\chart\plot\MarkerTest.java
C:\Users\simon\Documents\Code\thesis-code\jfreechart-master\src\main,C:\Users\simon\Documents\Code\thesis-code\jfreechart-master\src\test\java\org\jfree\chart\plot\MeterIntervalTest.java
C:\Users\simon\Documents\Code\thesis-code\jfreechart-master\src\main,C:\Users\simon\Documents\Code\thesis-code\jfreechart-master\src\test\java\org\jfree\chart\plot\MeterPlotTest.java
C:\Users\simon\Documents\Code\thesis-code\jfreechart-master\src\main,C:\Users\simon\Documents\Code\thesis-code\jfreechart-master\src\test\java\org\jfree\chart\plot\pie\MultiplePiePlotTest.java
C:\Users\simon\Documents\Code\thesis-code\jfreechart-master\src\main,C:\Users\simon\Documents\Code\thesis-code\jfreechart-master\src\test\java\org\jfree\chart\plot\pie\PieLabelRecordTest.java
C:\Users\simon\Documents\Code\thesis-code\jfreechart-master\src\main,C:\Users\simon\Documents\Code\thesis-code\jfreechart-master\src\test\java\org\jfree\chart\plot\pie\PiePlotTest.java
C:\Users\simon\Documents\Code\thesis-code\jfreechart-master\src\main,C:\Users\simon\Documents\Code\thesis-code\jfreechart-master\src\test\java\org\jfree\chart\plot\PlotOrientationTest.java
C:\Users\simon\Documents\Code\thesis-code\jfreechart-master\src\main,C:\Users\simon\Documents\Code\thesis-code\jfreechart-master\src\test\java\org\jfree\chart\plot\PlotRenderingInfoTest.java
C:\Users\simon\Documents\Code\thesis-code\jfreechart-master\src\main,C:\Users\simon\Documents\Code\thesis-code\jfreechart-master\src\test\java\org\jfree\chart\plot\PlotTest.java
C:\Users\simon\Documents\Code\thesis-code\jfreechart-master\src\main,C:\Users\simon\Documents\Code\thesis-code\jfreechart-master\src\test\java\org\jfree\chart\plot\PolarPlotTest.java
C:\Users\simon\Documents\Code\thesis-code\jfreechart-master\src\main,C:\Users\simon\Documents\Code\thesis-code\jfreechart-master\src\test\java\org\jfree\chart\plot\RingPlotTest.java
C:\Users\simon\Documents\Code\thesis-code\jfreechart-master\src\main,C:\Users\simon\Documents\Code\thesis-code\jfreechart-master\src\test\java\org\jfree\chart\plot\SpiderWebPlotTest.java
C:\Users\simon\Documents\Code\thesis-code\jfreechart-master\src\main,C:\Users\simon\Documents\Code\thesis-code\jfreechart-master\src\test\java\org\jfree\chart\plot\ThermometerPlotTest.java
C:\Users\simon\Documents\Code\thesis-code\jfreechart-master\src\main,C:\Users\simon\Documents\Code\thesis-code\jfreechart-master\src\test\java\org\jfree\chart\plot\ValueMarkerTest.java
C:\Users\simon\Documents\Code\thesis-code\jfreechart-master\src\main,C:\Users\simon\Documents\Code\thesis-code\jfreechart-master\src\test\java\org\jfree\chart\plot\XYPlotTest.java
C:\Users\simon\Documents\Code\thesis-code\jfreechart-master\src\main,C:\Users\simon\Documents\Code\thesis-code\jfreechart-master\src\test\java\org\jfree\chart\renderer\AbstractRendererTest.java
C:\Users\simon\Documents\Code\thesis-code\jfreechart-master\src\main,C:\Users\simon\Documents\Code\thesis-code\jfreechart-master\src\test\java\org\jfree\chart\renderer\AreaRendererEndTypeTest.java
C:\Users\simon\Documents\Code\thesis-code\jfreechart-master\src\main,C:\Users\simon\Documents\Code\thesis-code\jfreechart-master\src\test\java\org\jfree\chart\renderer\category\AbstractCategoryItemRendererTest.java
C:\Users\simon\Documents\Code\thesis-code\jfreechart-master\src\main,C:\Users\simon\Documents\Code\thesis-code\jfreechart-master\src\test\java\org\jfree\chart\renderer\category\AreaRendererTest.java
C:\Users\simon\Documents\Code\thesis-code\jfreechart-master\src\main,C:\Users\simon\Documents\Code\thesis-code\jfreechart-master\src\test\java\org\jfree\chart\renderer\category\BarRendererTest.java
C:\Users\simon\Documents\Code\thesis-code\jfreechart-master\src\main,C:\Users\simon\Documents\Code\thesis-code\jfreechart-master\src\test\java\org\jfree\chart\renderer\category\BoxAndWhiskerRendererTest.java
C:\Users\simon\Documents\Code\thesis-code\jfreechart-master\src\main,C:\Users\simon\Documents\Code\thesis-code\jfreechart-master\src\test\java\org\jfree\chart\renderer\category\CategoryStepRendererTest.java
C:\Users\simon\Documents\Code\thesis-code\jfreechart-master\src\main,C:\Users\simon\Documents\Code\thesis-code\jfreechart-master\src\test\java\org\jfree\chart\renderer\category\DefaultCategoryItemRendererTest.java
C:\Users\simon\Documents\Code\thesis-code\jfreechart-master\src\main,C:\Users\simon\Documents\Code\thesis-code\jfreechart-master\src\test\java\org\jfree\chart\renderer\category\GanttRendererTest.java
C:\Users\simon\Documents\Code\thesis-code\jfreechart-master\src\main,C:\Users\simon\Documents\Code\thesis-code\jfreechart-master\src\test\java\org\jfree\chart\renderer\category\GradientBarPainterTest.java
C:\Users\simon\Documents\Code\thesis-code\jfreechart-master\src\main,C:\Users\simon\Documents\Code\thesis-code\jfreechart-master\src\test\java\org\jfree\chart\renderer\category\GroupedStackedBarRendererTest.java
C:\Users\simon\Documents\Code\thesis-code\jfreechart-master\src\main,C:\Users\simon\Documents\Code\thesis-code\jfreechart-master\src\test\java\org\jfree\chart\renderer\category\IntervalBarRendererTest.java
C:\Users\simon\Documents\Code\thesis-code\jfreechart-master\src\main,C:\Users\simon\Documents\Code\thesis-code\jfreechart-master\src\test\java\org\jfree\chart\renderer\category\LayeredBarRendererTest.java
C:\Users\simon\Documents\Code\thesis-code\jfreechart-master\src\main,C:\Users\simon\Documents\Code\thesis-code\jfreechart-master\src\test\java\org\jfree\chart\renderer\category\LevelRendererTest.java
C:\Users\simon\Documents\Code\thesis-code\jfreechart-master\src\main,C:\Users\simon\Documents\Code\thesis-code\jfreechart-master\src\test\java\org\jfree\chart\renderer\category\LineAndShapeRendererTest.java
C:\Users\simon\Documents\Code\thesis-code\jfreechart-master\src\main,C:\Users\simon\Documents\Code\thesis-code\jfreechart-master\src\test\java\org\jfree\chart\renderer\category\MinMaxCategoryRendererTest.java
C:\Users\simon\Documents\Code\thesis-code\jfreechart-master\src\main,C:\Users\simon\Documents\Code\thesis-code\jfreechart-master\src\test\java\org\jfree\chart\renderer\category\ScatterRendererTest.java
C:\Users\simon\Documents\Code\thesis-code\jfreechart-master\src\main,C:\Users\simon\Documents\Code\thesis-code\jfreechart-master\src\test\java\org\jfree\chart\renderer\category\StackedAreaRendererTest.java
C:\Users\simon\Documents\Code\thesis-code\jfreechart-master\src\main,C:\Users\simon\Documents\Code\thesis-code\jfreechart-master\src\test\java\org\jfree\chart\renderer\category\StackedBarRendererTest.java
C:\Users\simon\Documents\Code\thesis-code\jfreechart-master\src\main,C:\Users\simon\Documents\Code\thesis-code\jfreechart-master\src\test\java\org\jfree\chart\renderer\category\StandardBarPainterTest.java
C:\Users\simon\Documents\Code\thesis-code\jfreechart-master\src\main,C:\Users\simon\Documents\Code\thesis-code\jfreechart-master\src\test\java\org\jfree\chart\renderer\category\StatisticalBarRendererTest.java
C:\Users\simon\Documents\Code\thesis-code\jfreechart-master\src\main,C:\Users\simon\Documents\Code\thesis-code\jfreechart-master\src\test\java\org\jfree\chart\renderer\category\StatisticalLineAndShapeRendererTest.java
C:\Users\simon\Documents\Code\thesis-code\jfreechart-master\src\main,C:\Users\simon\Documents\Code\thesis-code\jfreechart-master\src\test\java\org\jfree\chart\renderer\category\WaterfallBarRendererTest.java
C:\Users\simon\Documents\Code\thesis-code\jfreechart-master\src\main,C:\Users\simon\Documents\Code\thesis-code\jfreechart-master\src\test\java\org\jfree\chart\renderer\DefaultPolarItemRendererTest.java
C:\Users\simon\Documents\Code\thesis-code\jfreechart-master\src\main,C:\Users\simon\Documents\Code\thesis-code\jfreechart-master\src\test\java\org\jfree\chart\renderer\GrayPaintScaleTest.java
C:\Users\simon\Documents\Code\thesis-code\jfreechart-master\src\main,C:\Users\simon\Documents\Code\thesis-code\jfreechart-master\src\test\java\org\jfree\chart\renderer\LookupPaintScaleTest.java
C:\Users\simon\Documents\Code\thesis-code\jfreechart-master\src\main,C:\Users\simon\Documents\Code\thesis-code\jfreechart-master\src\test\java\org\jfree\chart\renderer\OutlierTest.java
C:\Users\simon\Documents\Code\thesis-code\jfreechart-master\src\main,C:\Users\simon\Documents\Code\thesis-code\jfreechart-master\src\test\java\org\jfree\chart\renderer\RendererUtilsTest.java
C:\Users\simon\Documents\Code\thesis-code\jfreechart-master\src\main,C:\Users\simon\Documents\Code\thesis-code\jfreechart-master\src\test\java\org\jfree\chart\renderer\xy\AbstractXYItemRendererTest.java
C:\Users\simon\Documents\Code\thesis-code\jfreechart-master\src\main,C:\Users\simon\Documents\Code\thesis-code\jfreechart-master\src\test\java\org\jfree\chart\renderer\xy\CandlestickRendererTest.java
C:\Users\simon\Documents\Code\thesis-code\jfreechart-master\src\main,C:\Users\simon\Documents\Code\thesis-code\jfreechart-master\src\test\java\org\jfree\chart\renderer\xy\ClusteredXYBarRendererTest.java
C:\Users\simon\Documents\Code\thesis-code\jfreechart-master\src\main,C:\Users\simon\Documents\Code\thesis-code\jfreechart-master\src\test\java\org\jfree\chart\renderer\xy\DeviationRendererTest.java
C:\Users\simon\Documents\Code\thesis-code\jfreechart-master\src\main,C:\Users\simon\Documents\Code\thesis-code\jfreechart-master\src\test\java\org\jfree\chart\renderer\xy\DeviationStepRendererTest.java
C:\Users\simon\Documents\Code\thesis-code\jfreechart-master\src\main,C:\Users\simon\Documents\Code\thesis-code\jfreechart-master\src\test\java\org\jfree\chart\renderer\xy\GradientXYBarPainterTest.java
C:\Users\simon\Documents\Code\thesis-code\jfreechart-master\src\main,C:\Users\simon\Documents\Code\thesis-code\jfreechart-master\src\test\java\org\jfree\chart\renderer\xy\HighLowRendererTest.java
C:\Users\simon\Documents\Code\thesis-code\jfreechart-master\src\main,C:\Users\simon\Documents\Code\thesis-code\jfreechart-master\src\test\java\org\jfree\chart\renderer\xy\StackedXYAreaRenderer2Test.java
C:\Users\simon\Documents\Code\thesis-code\jfreechart-master\src\main,C:\Users\simon\Documents\Code\thesis-code\jfreechart-master\src\test\java\org\jfree\chart\renderer\xy\StackedXYAreaRendererTest.java
C:\Users\simon\Documents\Code\thesis-code\jfreechart-master\src\main,C:\Users\simon\Documents\Code\thesis-code\jfreechart-master\src\test\java\org\jfree\chart\renderer\xy\StackedXYBarRendererTest.java
C:\Users\simon\Documents\Code\thesis-code\jfreechart-master\src\main,C:\Users\simon\Documents\Code\thesis-code\jfreechart-master\src\test\java\org\jfree\chart\renderer\xy\StandardXYBarPainterTest.java
C:\Users\simon\Documents\Code\thesis-code\jfreechart-master\src\main,C:\Users\simon\Documents\Code\thesis-code\jfreechart-master\src\test\java\org\jfree\chart\renderer\xy\StandardXYItemRendererTest.java
C:\Users\simon\Documents\Code\thesis-code\jfreechart-master\src\main,C:\Users\simon\Documents\Code\thesis-code\jfreechart-master\src\test\java\org\jfree\chart\renderer\xy\VectorRendererTest.java
C:\Users\simon\Documents\Code\thesis-code\jfreechart-master\src\main,C:\Users\simon\Documents\Code\thesis-code\jfreechart-master\src\test\java\org\jfree\chart\renderer\xy\WindItemRendererTest.java
C:\Users\simon\Documents\Code\thesis-code\jfreechart-master\src\main,C:\Users\simon\Documents\Code\thesis-code\jfreechart-master\src\test\java\org\jfree\chart\renderer\xy\XYAreaRenderer2Test.java
C:\Users\simon\Documents\Code\thesis-code\jfreechart-master\src\main,C:\Users\simon\Documents\Code\thesis-code\jfreechart-master\src\test\java\org\jfree\chart\renderer\xy\XYAreaRendererTest.java
C:\Users\simon\Documents\Code\thesis-code\jfreechart-master\src\main,C:\Users\simon\Documents\Code\thesis-code\jfreechart-master\src\test\java\org\jfree\chart\renderer\xy\XYBarRendererTest.java
C:\Users\simon\Documents\Code\thesis-code\jfreechart-master\src\main,C:\Users\simon\Documents\Code\thesis-code\jfreechart-master\src\test\java\org\jfree\chart\renderer\xy\XYBezierRendererTest.java
C:\Users\simon\Documents\Code\thesis-code\jfreechart-master\src\main,C:\Users\simon\Documents\Code\thesis-code\jfreechart-master\src\test\java\org\jfree\chart\renderer\xy\XYBlockRendererTest.java
C:\Users\simon\Documents\Code\thesis-code\jfreechart-master\src\main,C:\Users\simon\Documents\Code\thesis-code\jfreechart-master\src\test\java\org\jfree\chart\renderer\xy\XYBoxAndWhiskerRendererTest.java
C:\Users\simon\Documents\Code\thesis-code\jfreechart-master\src\main,C:\Users\simon\Documents\Code\thesis-code\jfreechart-master\src\test\java\org\jfree\chart\renderer\xy\XYBubbleRendererTest.java
C:\Users\simon\Documents\Code\thesis-code\jfreechart-master\src\main,C:\Users\simon\Documents\Code\thesis-code\jfreechart-master\src\test\java\org\jfree\chart\renderer\xy\XYDifferenceRendererTest.java
C:\Users\simon\Documents\Code\thesis-code\jfreechart-master\src\main,C:\Users\simon\Documents\Code\thesis-code\jfreechart-master\src\test\java\org\jfree\chart\renderer\xy\XYDotRendererTest.java
C:\Users\simon\Documents\Code\thesis-code\jfreechart-master\src\main,C:\Users\simon\Documents\Code\thesis-code\jfreechart-master\src\test\java\org\jfree\chart\renderer\xy\XYErrorRendererTest.java
C:\Users\simon\Documents\Code\thesis-code\jfreechart-master\src\main,C:\Users\simon\Documents\Code\thesis-code\jfreechart-master\src\test\java\org\jfree\chart\renderer\xy\XYLineAndShapeRendererTest.java
C:\Users\simon\Documents\Code\thesis-code\jfreechart-master\src\main,C:\Users\simon\Documents\Code\thesis-code\jfreechart-master\src\test\java\org\jfree\chart\renderer\xy\XYShapeRendererTest.java
C:\Users\simon\Documents\Code\thesis-code\jfreechart-master\src\main,C:\Users\simon\Documents\Code\thesis-code\jfreechart-master\src\test\java\org\jfree\chart\renderer\xy\XYSplineRendererTest.java
C:\Users\simon\Documents\Code\thesis-code\jfreechart-master\src\main,C:\Users\simon\Documents\Code\thesis-code\jfreechart-master\src\test\java\org\jfree\chart\renderer\xy\XYStepAreaRendererTest.java
C:\Users\simon\Documents\Code\thesis-code\jfreechart-master\src\main,C:\Users\simon\Documents\Code\thesis-code\jfreechart-master\src\test\java\org\jfree\chart\renderer\xy\XYStepRendererTest.java
C:\Users\simon\Documents\Code\thesis-code\jfreechart-master\src\main,C:\Users\simon\Documents\Code\thesis-code\jfreechart-master\src\test\java\org\jfree\chart\renderer\xy\YIntervalRendererTest.java
C:\Users\simon\Documents\Code\thesis-code\jfreechart-master\src\main,C:\Users\simon\Documents\Code\thesis-code\jfreechart-master\src\test\java\org\jfree\chart\ScatterPlotTest.java
C:\Users\simon\Documents\Code\thesis-code\jfreechart-master\src\main,C:\Users\simon\Documents\Code\thesis-code\jfreechart-master\src\test\java\org\jfree\chart\StackedAreaChartTest.java
C:\Users\simon\Documents\Code\thesis-code\jfreechart-master\src\main,C:\Users\simon\Documents\Code\thesis-code\jfreechart-master\src\test\java\org\jfree\chart\StackedBarChartTest.java
C:\Users\simon\Documents\Code\thesis-code\jfreechart-master\src\main,C:\Users\simon\Documents\Code\thesis-code\jfreechart-master\src\test\java\org\jfree\chart\StandardChartThemeTest.java
C:\Users\simon\Documents\Code\thesis-code\jfreechart-master\src\main,C:\Users\simon\Documents\Code\thesis-code\jfreechart-master\src\test\java\org\jfree\chart\swing\ChartPanelTest.java
C:\Users\simon\Documents\Code\thesis-code\jfreechart-master\src\main,C:\Users\simon\Documents\Code\thesis-code\jfreechart-master\src\test\java\org\jfree\chart\swing\CrosshairOverlayTest.java
C:\Users\simon\Documents\Code\thesis-code\jfreechart-master\src\main,C:\Users\simon\Documents\Code\thesis-code\jfreechart-master\src\test\java\org\jfree\chart\TestUtils.java
C:\Users\simon\Documents\Code\thesis-code\jfreechart-master\src\main,C:\Users\simon\Documents\Code\thesis-code\jfreechart-master\src\test\java\org\jfree\chart\text\format\HMSNumberFormatTest.java
C:\Users\simon\Documents\Code\thesis-code\jfreechart-master\src\main,C:\Users\simon\Documents\Code\thesis-code\jfreechart-master\src\test\java\org\jfree\chart\text\format\LogFormatTest.java
C:\Users\simon\Documents\Code\thesis-code\jfreechart-master\src\main,C:\Users\simon\Documents\Code\thesis-code\jfreechart-master\src\test\java\org\jfree\chart\text\format\RelativeDateFormatTest.java
C:\Users\simon\Documents\Code\thesis-code\jfreechart-master\src\main,C:\Users\simon\Documents\Code\thesis-code\jfreechart-master\src\test\java\org\jfree\chart\TimeSeriesChartTest.java
C:\Users\simon\Documents\Code\thesis-code\jfreechart-master\src\main,C:\Users\simon\Documents\Code\thesis-code\jfreechart-master\src\test\java\org\jfree\chart\title\CompositeTitleTest.java
C:\Users\simon\Documents\Code\thesis-code\jfreechart-master\src\main,C:\Users\simon\Documents\Code\thesis-code\jfreechart-master\src\test\java\org\jfree\chart\title\DateTitleTest.java
C:\Users\simon\Documents\Code\thesis-code\jfreechart-master\src\main,C:\Users\simon\Documents\Code\thesis-code\jfreechart-master\src\test\java\org\jfree\chart\title\ImageTitleTest.java
C:\Users\simon\Documents\Code\thesis-code\jfreechart-master\src\main,C:\Users\simon\Documents\Code\thesis-code\jfreechart-master\src\test\java\org\jfree\chart\title\ShortTextTitleTest.java
C:\Users\simon\Documents\Code\thesis-code\jfreechart-master\src\main,C:\Users\simon\Documents\Code\thesis-code\jfreechart-master\src\test\java\org\jfree\chart\title\TextTitleTest.java
C:\Users\simon\Documents\Code\thesis-code\jfreechart-master\src\main,C:\Users\simon\Documents\Code\thesis-code\jfreechart-master\src\test\java\org\jfree\chart\title\TitleTest.java
C:\Users\simon\Documents\Code\thesis-code\jfreechart-master\src\main,C:\Users\simon\Documents\Code\thesis-code\jfreechart-master\src\test\java\org\jfree\chart\urls\CustomCategoryURLGeneratorTest.java
C:\Users\simon\Documents\Code\thesis-code\jfreechart-master\src\main,C:\Users\simon\Documents\Code\thesis-code\jfreechart-master\src\test\java\org\jfree\chart\urls\CustomPieURLGeneratorTest.java
C:\Users\simon\Documents\Code\thesis-code\jfreechart-master\src\main,C:\Users\simon\Documents\Code\thesis-code\jfreechart-master\src\test\java\org\jfree\chart\urls\CustomXYURLGeneratorTest.java
C:\Users\simon\Documents\Code\thesis-code\jfreechart-master\src\main,C:\Users\simon\Documents\Code\thesis-code\jfreechart-master\src\test\java\org\jfree\chart\urls\StandardCategoryURLGeneratorTest.java
C:\Users\simon\Documents\Code\thesis-code\jfreechart-master\src\main,C:\Users\simon\Documents\Code\thesis-code\jfreechart-master\src\test\java\org\jfree\chart\urls\StandardPieURLGeneratorTest.java
C:\Users\simon\Documents\Code\thesis-code\jfreechart-master\src\main,C:\Users\simon\Documents\Code\thesis-code\jfreechart-master\src\test\java\org\jfree\chart\urls\StandardXYURLGeneratorTest.java
C:\Users\simon\Documents\Code\thesis-code\jfreechart-master\src\main,C:\Users\simon\Documents\Code\thesis-code\jfreechart-master\src\test\java\org\jfree\chart\urls\TimeSeriesURLGeneratorTest.java
C:\Users\simon\Documents\Code\thesis-code\jfreechart-master\src\main,C:\Users\simon\Documents\Code\thesis-code\jfreechart-master\src\test\java\org\jfree\chart\WaterfallChartTest.java
C:\Users\simon\Documents\Code\thesis-code\jfreechart-master\src\main,C:\Users\simon\Documents\Code\thesis-code\jfreechart-master\src\test\java\org\jfree\chart\XYAreaChartTest.java
C:\Users\simon\Documents\Code\thesis-code\jfreechart-master\src\main,C:\Users\simon\Documents\Code\thesis-code\jfreechart-master\src\test\java\org\jfree\chart\XYBarChartTest.java
C:\Users\simon\Documents\Code\thesis-code\jfreechart-master\src\main,C:\Users\simon\Documents\Code\thesis-code\jfreechart-master\src\test\java\org\jfree\chart\XYLineChartTest.java
C:\Users\simon\Documents\Code\thesis-code\jfreechart-master\src\main,C:\Users\simon\Documents\Code\thesis-code\jfreechart-master\src\test\java\org\jfree\chart\XYStepAreaChartTest.java
C:\Users\simon\Documents\Code\thesis-code\jfreechart-master\src\main,C:\Users\simon\Documents\Code\thesis-code\jfreechart-master\src\test\java\org\jfree\chart\XYStepChartTest.java
C:\Users\simon\Documents\Code\thesis-code\jfreechart-master\src\main,C:\Users\simon\Documents\Code\thesis-code\jfreechart-master\src\test\java\org\jfree\data\category\CategoryToPieDatasetTest.java
C:\Users\simon\Documents\Code\thesis-code\jfreechart-master\src\main,C:\Users\simon\Documents\Code\thesis-code\jfreechart-master\src\test\java\org\jfree\data\category\DefaultCategoryDatasetTest.java
C:\Users\simon\Documents\Code\thesis-code\jfreechart-master\src\main,C:\Users\simon\Documents\Code\thesis-code\jfreechart-master\src\test\java\org\jfree\data\category\DefaultIntervalCategoryDatasetTest.java
C:\Users\simon\Documents\Code\thesis-code\jfreechart-master\src\main,C:\Users\simon\Documents\Code\thesis-code\jfreechart-master\src\test\java\org\jfree\data\category\SlidingCategoryDatasetTest.java
C:\Users\simon\Documents\Code\thesis-code\jfreechart-master\src\main,C:\Users\simon\Documents\Code\thesis-code\jfreechart-master\src\test\java\org\jfree\data\ComparableObjectItemTest.java
C:\Users\simon\Documents\Code\thesis-code\jfreechart-master\src\main,C:\Users\simon\Documents\Code\thesis-code\jfreechart-master\src\test\java\org\jfree\data\ComparableObjectSeriesTest.java
C:\Users\simon\Documents\Code\thesis-code\jfreechart-master\src\main,C:\Users\simon\Documents\Code\thesis-code\jfreechart-master\src\test\java\org\jfree\data\DataUtilsTest.java
C:\Users\simon\Documents\Code\thesis-code\jfreechart-master\src\main,C:\Users\simon\Documents\Code\thesis-code\jfreechart-master\src\test\java\org\jfree\data\DefaultKeyedValues2DTest.java
C:\Users\simon\Documents\Code\thesis-code\jfreechart-master\src\main,C:\Users\simon\Documents\Code\thesis-code\jfreechart-master\src\test\java\org\jfree\data\DefaultKeyedValuesTest.java
C:\Users\simon\Documents\Code\thesis-code\jfreechart-master\src\main,C:\Users\simon\Documents\Code\thesis-code\jfreechart-master\src\test\java\org\jfree\data\DefaultKeyedValueTest.java
C:\Users\simon\Documents\Code\thesis-code\jfreechart-master\src\main,C:\Users\simon\Documents\Code\thesis-code\jfreechart-master\src\test\java\org\jfree\data\DomainOrderTest.java
C:\Users\simon\Documents\Code\thesis-code\jfreechart-master\src\main,C:\Users\simon\Documents\Code\thesis-code\jfreechart-master\src\test\java\org\jfree\data\flow\DefaultFlowDatasetTest.java
C:\Users\simon\Documents\Code\thesis-code\jfreechart-master\src\main,C:\Users\simon\Documents\Code\thesis-code\jfreechart-master\src\test\java\org\jfree\data\flow\FlowKeyTest.java
C:\Users\simon\Documents\Code\thesis-code\jfreechart-master\src\main,C:\Users\simon\Documents\Code\thesis-code\jfreechart-master\src\test\java\org\jfree\data\flow\NodeKeyTest.java
C:\Users\simon\Documents\Code\thesis-code\jfreechart-master\src\main,C:\Users\simon\Documents\Code\thesis-code\jfreechart-master\src\test\java\org\jfree\data\function\LineFunction2DTest.java
C:\Users\simon\Documents\Code\thesis-code\jfreechart-master\src\main,C:\Users\simon\Documents\Code\thesis-code\jfreechart-master\src\test\java\org\jfree\data\function\NormalDistributionFunction2DTest.java
C:\Users\simon\Documents\Code\thesis-code\jfreechart-master\src\main,C:\Users\simon\Documents\Code\thesis-code\jfreechart-master\src\test\java\org\jfree\data\function\PolynomialFunction2DTest.java
C:\Users\simon\Documents\Code\thesis-code\jfreechart-master\src\main,C:\Users\simon\Documents\Code\thesis-code\jfreechart-master\src\test\java\org\jfree\data\function\PowerFunction2DTest.java
C:\Users\simon\Documents\Code\thesis-code\jfreechart-master\src\main,C:\Users\simon\Documents\Code\thesis-code\jfreechart-master\src\test\java\org\jfree\data\gantt\SlidingGanttCategoryDatasetTest.java
C:\Users\simon\Documents\Code\thesis-code\jfreechart-master\src\main,C:\Users\simon\Documents\Code\thesis-code\jfreechart-master\src\test\java\org\jfree\data\gantt\TaskSeriesCollectionTest.java
C:\Users\simon\Documents\Code\thesis-code\jfreechart-master\src\main,C:\Users\simon\Documents\Code\thesis-code\jfreechart-master\src\test\java\org\jfree\data\gantt\TaskSeriesTest.java
C:\Users\simon\Documents\Code\thesis-code\jfreechart-master\src\main,C:\Users\simon\Documents\Code\thesis-code\jfreechart-master\src\test\java\org\jfree\data\gantt\TaskTest.java
C:\Users\simon\Documents\Code\thesis-code\jfreechart-master\src\main,C:\Users\simon\Documents\Code\thesis-code\jfreechart-master\src\test\java\org\jfree\data\gantt\XYTaskDatasetTest.java
C:\Users\simon\Documents\Code\thesis-code\jfreechart-master\src\main,C:\Users\simon\Documents\Code\thesis-code\jfreechart-master\src\test\java\org\jfree\data\general\DatasetUtilsTest.java
C:\Users\simon\Documents\Code\thesis-code\jfreechart-master\src\main,C:\Users\simon\Documents\Code\thesis-code\jfreechart-master\src\test\java\org\jfree\data\general\DefaultHeatMapDatasetTest.java
C:\Users\simon\Documents\Code\thesis-code\jfreechart-master\src\main,C:\Users\simon\Documents\Code\thesis-code\jfreechart-master\src\test\java\org\jfree\data\general\DefaultKeyedValueDatasetTest.java
C:\Users\simon\Documents\Code\thesis-code\jfreechart-master\src\main,C:\Users\simon\Documents\Code\thesis-code\jfreechart-master\src\test\java\org\jfree\data\general\DefaultKeyedValues2DDatasetTest.java
C:\Users\simon\Documents\Code\thesis-code\jfreechart-master\src\main,C:\Users\simon\Documents\Code\thesis-code\jfreechart-master\src\test\java\org\jfree\data\general\DefaultKeyedValuesDatasetTest.java
C:\Users\simon\Documents\Code\thesis-code\jfreechart-master\src\main,C:\Users\simon\Documents\Code\thesis-code\jfreechart-master\src\test\java\org\jfree\data\general\DefaultPieDatasetTest.java
C:\Users\simon\Documents\Code\thesis-code\jfreechart-master\src\main,C:\Users\simon\Documents\Code\thesis-code\jfreechart-master\src\test\java\org\jfree\data\general\TestIntervalCategoryDataset.java
C:\Users\simon\Documents\Code\thesis-code\jfreechart-master\src\main,C:\Users\simon\Documents\Code\thesis-code\jfreechart-master\src\test\java\org\jfree\data\general\TestIntervalXYZDataset.java
C:\Users\simon\Documents\Code\thesis-code\jfreechart-master\src\main,C:\Users\simon\Documents\Code\thesis-code\jfreechart-master\src\test\java\org\jfree\data\KeyedObjects2DTest.java
C:\Users\simon\Documents\Code\thesis-code\jfreechart-master\src\main,C:\Users\simon\Documents\Code\thesis-code\jfreechart-master\src\test\java\org\jfree\data\KeyedObjectsTest.java
C:\Users\simon\Documents\Code\thesis-code\jfreechart-master\src\main,C:\Users\simon\Documents\Code\thesis-code\jfreechart-master\src\test\java\org\jfree\data\KeyedObjectTest.java
C:\Users\simon\Documents\Code\thesis-code\jfreechart-master\src\main,C:\Users\simon\Documents\Code\thesis-code\jfreechart-master\src\test\java\org\jfree\data\KeyToGroupMapTest.java
C:\Users\simon\Documents\Code\thesis-code\jfreechart-master\src\main,C:\Users\simon\Documents\Code\thesis-code\jfreechart-master\src\test\java\org\jfree\data\RangeTest.java
C:\Users\simon\Documents\Code\thesis-code\jfreechart-master\src\main,C:\Users\simon\Documents\Code\thesis-code\jfreechart-master\src\test\java\org\jfree\data\RangeTypeTest.java
C:\Users\simon\Documents\Code\thesis-code\jfreechart-master\src\main,C:\Users\simon\Documents\Code\thesis-code\jfreechart-master\src\test\java\org\jfree\data\statistics\BoxAndWhiskerCalculatorTest.java
C:\Users\simon\Documents\Code\thesis-code\jfreechart-master\src\main,C:\Users\simon\Documents\Code\thesis-code\jfreechart-master\src\test\java\org\jfree\data\statistics\BoxAndWhiskerItemTest.java
C:\Users\simon\Documents\Code\thesis-code\jfreechart-master\src\main,C:\Users\simon\Documents\Code\thesis-code\jfreechart-master\src\test\java\org\jfree\data\statistics\DefaultBoxAndWhiskerCategoryDatasetTest.java
C:\Users\simon\Documents\Code\thesis-code\jfreechart-master\src\main,C:\Users\simon\Documents\Code\thesis-code\jfreechart-master\src\test\java\org\jfree\data\statistics\DefaultBoxAndWhiskerXYDatasetTest.java
C:\Users\simon\Documents\Code\thesis-code\jfreechart-master\src\main,C:\Users\simon\Documents\Code\thesis-code\jfreechart-master\src\test\java\org\jfree\data\statistics\DefaultMultiValueCategoryDatasetTest.java
C:\Users\simon\Documents\Code\thesis-code\jfreechart-master\src\main,C:\Users\simon\Documents\Code\thesis-code\jfreechart-master\src\test\java\org\jfree\data\statistics\DefaultStatisticalCategoryDatasetTest.java
C:\Users\simon\Documents\Code\thesis-code\jfreechart-master\src\main,C:\Users\simon\Documents\Code\thesis-code\jfreechart-master\src\test\java\org\jfree\data\statistics\HistogramBinTest.java
C:\Users\simon\Documents\Code\thesis-code\jfreechart-master\src\main,C:\Users\simon\Documents\Code\thesis-code\jfreechart-master\src\test\java\org\jfree\data\statistics\HistogramDatasetTest.java
C:\Users\simon\Documents\Code\thesis-code\jfreechart-master\src\main,C:\Users\simon\Documents\Code\thesis-code\jfreechart-master\src\test\java\org\jfree\data\statistics\MeanAndStandardDeviationTest.java
C:\Users\simon\Documents\Code\thesis-code\jfreechart-master\src\main,C:\Users\simon\Documents\Code\thesis-code\jfreechart-master\src\test\java\org\jfree\data\statistics\RegressionTest.java
C:\Users\simon\Documents\Code\thesis-code\jfreechart-master\src\main,C:\Users\simon\Documents\Code\thesis-code\jfreechart-master\src\test\java\org\jfree\data\statistics\SimpleHistogramBinTest.java
C:\Users\simon\Documents\Code\thesis-code\jfreechart-master\src\main,C:\Users\simon\Documents\Code\thesis-code\jfreechart-master\src\test\java\org\jfree\data\statistics\SimpleHistogramDatasetTest.java
C:\Users\simon\Documents\Code\thesis-code\jfreechart-master\src\main,C:\Users\simon\Documents\Code\thesis-code\jfreechart-master\src\test\java\org\jfree\data\statistics\StatisticsTest.java
C:\Users\simon\Documents\Code\thesis-code\jfreechart-master\src\main,C:\Users\simon\Documents\Code\thesis-code\jfreechart-master\src\test\java\org\jfree\data\time\DateRangeTest.java
C:\Users\simon\Documents\Code\thesis-code\jfreechart-master\src\main,C:\Users\simon\Documents\Code\thesis-code\jfreechart-master\src\test\java\org\jfree\data\time\DayTest.java
C:\Users\simon\Documents\Code\thesis-code\jfreechart-master\src\main,C:\Users\simon\Documents\Code\thesis-code\jfreechart-master\src\test\java\org\jfree\data\time\FixedMillisecondTest.java
C:\Users\simon\Documents\Code\thesis-code\jfreechart-master\src\main,C:\Users\simon\Documents\Code\thesis-code\jfreechart-master\src\test\java\org\jfree\data\time\HourTest.java
C:\Users\simon\Documents\Code\thesis-code\jfreechart-master\src\main,C:\Users\simon\Documents\Code\thesis-code\jfreechart-master\src\test\java\org\jfree\data\time\MillisecondTest.java
C:\Users\simon\Documents\Code\thesis-code\jfreechart-master\src\main,C:\Users\simon\Documents\Code\thesis-code\jfreechart-master\src\test\java\org\jfree\data\time\MinuteTest.java
C:\Users\simon\Documents\Code\thesis-code\jfreechart-master\src\main,C:\Users\simon\Documents\Code\thesis-code\jfreechart-master\src\test\java\org\jfree\data\time\MonthTest.java
C:\Users\simon\Documents\Code\thesis-code\jfreechart-master\src\main,C:\Users\simon\Documents\Code\thesis-code\jfreechart-master\src\test\java\org\jfree\data\time\MovingAverageTest.java
C:\Users\simon\Documents\Code\thesis-code\jfreechart-master\src\main,C:\Users\simon\Documents\Code\thesis-code\jfreechart-master\src\test\java\org\jfree\data\time\ohlc\OHLCItemTest.java
C:\Users\simon\Documents\Code\thesis-code\jfreechart-master\src\main,C:\Users\simon\Documents\Code\thesis-code\jfreechart-master\src\test\java\org\jfree\data\time\ohlc\OHLCSeriesCollectionTest.java
C:\Users\simon\Documents\Code\thesis-code\jfreechart-master\src\main,C:\Users\simon\Documents\Code\thesis-code\jfreechart-master\src\test\java\org\jfree\data\time\ohlc\OHLCSeriesTest.java
C:\Users\simon\Documents\Code\thesis-code\jfreechart-master\src\main,C:\Users\simon\Documents\Code\thesis-code\jfreechart-master\src\test\java\org\jfree\data\time\ohlc\OHLCTest.java
C:\Users\simon\Documents\Code\thesis-code\jfreechart-master\src\main,C:\Users\simon\Documents\Code\thesis-code\jfreechart-master\src\test\java\org\jfree\data\time\QuarterTest.java
C:\Users\simon\Documents\Code\thesis-code\jfreechart-master\src\main,C:\Users\simon\Documents\Code\thesis-code\jfreechart-master\src\test\java\org\jfree\data\time\SecondTest.java
C:\Users\simon\Documents\Code\thesis-code\jfreechart-master\src\main,C:\Users\simon\Documents\Code\thesis-code\jfreechart-master\src\test\java\org\jfree\data\time\SimpleTimePeriodTest.java
C:\Users\simon\Documents\Code\thesis-code\jfreechart-master\src\main,C:\Users\simon\Documents\Code\thesis-code\jfreechart-master\src\test\java\org\jfree\data\time\TimePeriodAnchorTest.java
C:\Users\simon\Documents\Code\thesis-code\jfreechart-master\src\main,C:\Users\simon\Documents\Code\thesis-code\jfreechart-master\src\test\java\org\jfree\data\time\TimePeriodValuesCollectionTest.java
C:\Users\simon\Documents\Code\thesis-code\jfreechart-master\src\main,C:\Users\simon\Documents\Code\thesis-code\jfreechart-master\src\test\java\org\jfree\data\time\TimePeriodValuesTest.java
C:\Users\simon\Documents\Code\thesis-code\jfreechart-master\src\main,C:\Users\simon\Documents\Code\thesis-code\jfreechart-master\src\test\java\org\jfree\data\time\TimePeriodValueTest.java
C:\Users\simon\Documents\Code\thesis-code\jfreechart-master\src\main,C:\Users\simon\Documents\Code\thesis-code\jfreechart-master\src\test\java\org\jfree\data\time\TimeSeriesCollectionTest.java
C:\Users\simon\Documents\Code\thesis-code\jfreechart-master\src\main,C:\Users\simon\Documents\Code\thesis-code\jfreechart-master\src\test\java\org\jfree\data\time\TimeSeriesDataItemTest.java
C:\Users\simon\Documents\Code\thesis-code\jfreechart-master\src\main,C:\Users\simon\Documents\Code\thesis-code\jfreechart-master\src\test\java\org\jfree\data\time\TimeSeriesTest.java
C:\Users\simon\Documents\Code\thesis-code\jfreechart-master\src\main,C:\Users\simon\Documents\Code\thesis-code\jfreechart-master\src\test\java\org\jfree\data\time\TimeTableXYDatasetTest.java
C:\Users\simon\Documents\Code\thesis-code\jfreechart-master\src\main,C:\Users\simon\Documents\Code\thesis-code\jfreechart-master\src\test\java\org\jfree\data\time\WeekTest.java
C:\Users\simon\Documents\Code\thesis-code\jfreechart-master\src\main,C:\Users\simon\Documents\Code\thesis-code\jfreechart-master\src\test\java\org\jfree\data\time\YearTest.java
C:\Users\simon\Documents\Code\thesis-code\jfreechart-master\src\main,C:\Users\simon\Documents\Code\thesis-code\jfreechart-master\src\test\java\org\jfree\data\xy\CategoryTableXYDatasetTest.java
C:\Users\simon\Documents\Code\thesis-code\jfreechart-master\src\main,C:\Users\simon\Documents\Code\thesis-code\jfreechart-master\src\test\java\org\jfree\data\xy\DefaultHighLowDatasetTest.java
C:\Users\simon\Documents\Code\thesis-code\jfreechart-master\src\main,C:\Users\simon\Documents\Code\thesis-code\jfreechart-master\src\test\java\org\jfree\data\xy\DefaultIntervalXYDatasetTest.java
C:\Users\simon\Documents\Code\thesis-code\jfreechart-master\src\main,C:\Users\simon\Documents\Code\thesis-code\jfreechart-master\src\test\java\org\jfree\data\xy\DefaultOHLCDatasetTest.java
C:\Users\simon\Documents\Code\thesis-code\jfreechart-master\src\main,C:\Users\simon\Documents\Code\thesis-code\jfreechart-master\src\test\java\org\jfree\data\xy\DefaultTableXYDatasetTest.java
C:\Users\simon\Documents\Code\thesis-code\jfreechart-master\src\main,C:\Users\simon\Documents\Code\thesis-code\jfreechart-master\src\test\java\org\jfree\data\xy\DefaultWindDatasetTest.java
C:\Users\simon\Documents\Code\thesis-code\jfreechart-master\src\main,C:\Users\simon\Documents\Code\thesis-code\jfreechart-master\src\test\java\org\jfree\data\xy\DefaultXYDatasetTest.java
C:\Users\simon\Documents\Code\thesis-code\jfreechart-master\src\main,C:\Users\simon\Documents\Code\thesis-code\jfreechart-master\src\test\java\org\jfree\data\xy\DefaultXYZDatasetTest.java
C:\Users\simon\Documents\Code\thesis-code\jfreechart-master\src\main,C:\Users\simon\Documents\Code\thesis-code\jfreechart-master\src\test\java\org\jfree\data\xy\IntervalXYDelegateTest.java
C:\Users\simon\Documents\Code\thesis-code\jfreechart-master\src\main,C:\Users\simon\Documents\Code\thesis-code\jfreechart-master\src\test\java\org\jfree\data\xy\MatrixSeriesCollectionTest.java
C:\Users\simon\Documents\Code\thesis-code\jfreechart-master\src\main,C:\Users\simon\Documents\Code\thesis-code\jfreechart-master\src\test\java\org\jfree\data\xy\MatrixSeriesTest.java
C:\Users\simon\Documents\Code\thesis-code\jfreechart-master\src\main,C:\Users\simon\Documents\Code\thesis-code\jfreechart-master\src\test\java\org\jfree\data\xy\OHLCDataItemTest.java
C:\Users\simon\Documents\Code\thesis-code\jfreechart-master\src\main,C:\Users\simon\Documents\Code\thesis-code\jfreechart-master\src\test\java\org\jfree\data\xy\TableXYDatasetTest.java
C:\Users\simon\Documents\Code\thesis-code\jfreechart-master\src\main,C:\Users\simon\Documents\Code\thesis-code\jfreechart-master\src\test\java\org\jfree\data\xy\VectorDataItemTest.java
C:\Users\simon\Documents\Code\thesis-code\jfreechart-master\src\main,C:\Users\simon\Documents\Code\thesis-code\jfreechart-master\src\test\java\org\jfree\data\xy\VectorSeriesCollectionTest.java
C:\Users\simon\Documents\Code\thesis-code\jfreechart-master\src\main,C:\Users\simon\Documents\Code\thesis-code\jfreechart-master\src\test\java\org\jfree\data\xy\VectorSeriesTest.java
C:\Users\simon\Documents\Code\thesis-code\jfreechart-master\src\main,C:\Users\simon\Documents\Code\thesis-code\jfreechart-master\src\test\java\org\jfree\data\xy\VectorTest.java
C:\Users\simon\Documents\Code\thesis-code\jfreechart-master\src\main,C:\Users\simon\Documents\Code\thesis-code\jfreechart-master\src\test\java\org\jfree\data\xy\XIntervalDataItemTest.java
C:\Users\simon\Documents\Code\thesis-code\jfreechart-master\src\main,C:\Users\simon\Documents\Code\thesis-code\jfreechart-master\src\test\java\org\jfree\data\xy\XIntervalSeriesCollectionTest.java
C:\Users\simon\Documents\Code\thesis-code\jfreechart-master\src\main,C:\Users\simon\Documents\Code\thesis-code\jfreechart-master\src\test\java\org\jfree\data\xy\XIntervalSeriesTest.java
C:\Users\simon\Documents\Code\thesis-code\jfreechart-master\src\main,C:\Users\simon\Documents\Code\thesis-code\jfreechart-master\src\test\java\org\jfree\data\xy\XYBarDatasetTest.java
C:\Users\simon\Documents\Code\thesis-code\jfreechart-master\src\main,C:\Users\simon\Documents\Code\thesis-code\jfreechart-master\src\test\java\org\jfree\data\xy\XYCoordinateTest.java
C:\Users\simon\Documents\Code\thesis-code\jfreechart-master\src\main,C:\Users\simon\Documents\Code\thesis-code\jfreechart-master\src\test\java\org\jfree\data\xy\XYDataItemTest.java
C:\Users\simon\Documents\Code\thesis-code\jfreechart-master\src\main,C:\Users\simon\Documents\Code\thesis-code\jfreechart-master\src\test\java\org\jfree\data\xy\XYIntervalDataItemTest.java
C:\Users\simon\Documents\Code\thesis-code\jfreechart-master\src\main,C:\Users\simon\Documents\Code\thesis-code\jfreechart-master\src\test\java\org\jfree\data\xy\XYIntervalSeriesCollectionTest.java
C:\Users\simon\Documents\Code\thesis-code\jfreechart-master\src\main,C:\Users\simon\Documents\Code\thesis-code\jfreechart-master\src\test\java\org\jfree\data\xy\XYIntervalSeriesTest.java
C:\Users\simon\Documents\Code\thesis-code\jfreechart-master\src\main,C:\Users\simon\Documents\Code\thesis-code\jfreechart-master\src\test\java\org\jfree\data\xy\XYIntervalTest.java
C:\Users\simon\Documents\Code\thesis-code\jfreechart-master\src\main,C:\Users\simon\Documents\Code\thesis-code\jfreechart-master\src\test\java\org\jfree\data\xy\XYSeriesCollectionTest.java
C:\Users\simon\Documents\Code\thesis-code\jfreechart-master\src\main,C:\Users\simon\Documents\Code\thesis-code\jfreechart-master\src\test\java\org\jfree\data\xy\XYSeriesTest.java
C:\Users\simon\Documents\Code\thesis-code\jfreechart-master\src\main,C:\Users\simon\Documents\Code\thesis-code\jfreechart-master\src\test\java\org\jfree\data\xy\YIntervalDataItemTest.java
C:\Users\simon\Documents\Code\thesis-code\jfreechart-master\src\main,C:\Users\simon\Documents\Code\thesis-code\jfreechart-master\src\test\java\org\jfree\data\xy\YIntervalSeriesCollectionTest.java
C:\Users\simon\Documents\Code\thesis-code\jfreechart-master\src\main,C:\Users\simon\Documents\Code\thesis-code\jfreechart-master\src\test\java\org\jfree\data\xy\YIntervalSeriesTest.java
C:\Users\simon\Documents\Code\thesis-code\jfreechart-master\src\main,C:\Users\simon\Documents\Code\thesis-code\jfreechart-master\src\test\java\org\jfree\data\xy\YIntervalTest.java
C:\Users\simon\Documents\Code\thesis-code\jfreechart-master\src\main,C:\Users\simon\Documents\Code\thesis-code\jfreechart-master\src\test\java\org\jfree\data\xy\YWithXIntervalTest.java
