jfreechart-master,C:\Users\simon\Documents\Code\thesis-code\jfreechart-master\src\test\java\org\jfree\chart\annotations\CategoryLineAnnotationTest.java,C:\Users\simon\Documents\Code\thesis-code\jfreechart-master\src\main\java\org\jfree\chart\annotations\CategoryLineAnnotation.java
jfreechart-master,C:\Users\simon\Documents\Code\thesis-code\jfreechart-master\src\test\java\org\jfree\chart\annotations\CategoryPointerAnnotationTest.java,C:\Users\simon\Documents\Code\thesis-code\jfreechart-master\src\main\java\org\jfree\chart\annotations\CategoryPointerAnnotation.java
jfreechart-master,C:\Users\simon\Documents\Code\thesis-code\jfreechart-master\src\test\java\org\jfree\chart\annotations\CategoryTextAnnotationTest.java,C:\Users\simon\Documents\Code\thesis-code\jfreechart-master\src\main\java\org\jfree\chart\annotations\CategoryTextAnnotation.java
jfreechart-master,C:\Users\simon\Documents\Code\thesis-code\jfreechart-master\src\test\java\org\jfree\chart\annotations\TextAnnotationTest.java,C:\Users\simon\Documents\Code\thesis-code\jfreechart-master\src\main\java\org\jfree\chart\annotations\TextAnnotation.java
jfreechart-master,C:\Users\simon\Documents\Code\thesis-code\jfreechart-master\src\test\java\org\jfree\chart\annotations\XYBoxAnnotationTest.java,C:\Users\simon\Documents\Code\thesis-code\jfreechart-master\src\main\java\org\jfree\chart\annotations\XYBoxAnnotation.java
jfreechart-master,C:\Users\simon\Documents\Code\thesis-code\jfreechart-master\src\test\java\org\jfree\chart\annotations\XYDrawableAnnotationTest.java,C:\Users\simon\Documents\Code\thesis-code\jfreechart-master\src\main\java\org\jfree\chart\annotations\XYDrawableAnnotation.java
jfreechart-master,C:\Users\simon\Documents\Code\thesis-code\jfreechart-master\src\test\java\org\jfree\chart\annotations\XYImageAnnotationTest.java,C:\Users\simon\Documents\Code\thesis-code\jfreechart-master\src\main\java\org\jfree\chart\annotations\XYImageAnnotation.java
jfreechart-master,C:\Users\simon\Documents\Code\thesis-code\jfreechart-master\src\test\java\org\jfree\chart\annotations\XYLineAnnotationTest.java,C:\Users\simon\Documents\Code\thesis-code\jfreechart-master\src\main\java\org\jfree\chart\annotations\XYLineAnnotation.java
jfreechart-master,C:\Users\simon\Documents\Code\thesis-code\jfreechart-master\src\test\java\org\jfree\chart\annotations\XYPointerAnnotationTest.java,C:\Users\simon\Documents\Code\thesis-code\jfreechart-master\src\main\java\org\jfree\chart\annotations\XYPointerAnnotation.java
jfreechart-master,C:\Users\simon\Documents\Code\thesis-code\jfreechart-master\src\test\java\org\jfree\chart\annotations\XYPolygonAnnotationTest.java,C:\Users\simon\Documents\Code\thesis-code\jfreechart-master\src\main\java\org\jfree\chart\annotations\XYPolygonAnnotation.java
jfreechart-master,C:\Users\simon\Documents\Code\thesis-code\jfreechart-master\src\test\java\org\jfree\chart\annotations\XYShapeAnnotationTest.java,C:\Users\simon\Documents\Code\thesis-code\jfreechart-master\src\main\java\org\jfree\chart\annotations\XYShapeAnnotation.java
jfreechart-master,C:\Users\simon\Documents\Code\thesis-code\jfreechart-master\src\test\java\org\jfree\chart\annotations\XYTextAnnotationTest.java,C:\Users\simon\Documents\Code\thesis-code\jfreechart-master\src\main\java\org\jfree\chart\annotations\XYTextAnnotation.java
jfreechart-master,C:\Users\simon\Documents\Code\thesis-code\jfreechart-master\src\test\java\org\jfree\chart\annotations\XYTitleAnnotationTest.java,C:\Users\simon\Documents\Code\thesis-code\jfreechart-master\src\main\java\org\jfree\chart\annotations\XYTitleAnnotation.java
jfreechart-master,C:\Users\simon\Documents\Code\thesis-code\jfreechart-master\src\test\java\org\jfree\chart\api\RectangleAlignmentTest.java,C:\Users\simon\Documents\Code\thesis-code\jfreechart-master\src\main\java\org\jfree\chart\api\RectangleAlignment.java
jfreechart-master,C:\Users\simon\Documents\Code\thesis-code\jfreechart-master\src\test\java\org\jfree\chart\AreaChartTest.java,
jfreechart-master,C:\Users\simon\Documents\Code\thesis-code\jfreechart-master\src\test\java\org\jfree\chart\axis\AxisLocationTest.java,C:\Users\simon\Documents\Code\thesis-code\jfreechart-master\src\main\java\org\jfree\chart\axis\AxisLocation.java
jfreechart-master,C:\Users\simon\Documents\Code\thesis-code\jfreechart-master\src\test\java\org\jfree\chart\axis\AxisSpaceTest.java,C:\Users\simon\Documents\Code\thesis-code\jfreechart-master\src\main\java\org\jfree\chart\axis\AxisSpace.java
jfreechart-master,C:\Users\simon\Documents\Code\thesis-code\jfreechart-master\src\test\java\org\jfree\chart\axis\AxisTest.java,C:\Users\simon\Documents\Code\thesis-code\jfreechart-master\src\main\java\org\jfree\chart\axis\Axis.java
jfreechart-master,C:\Users\simon\Documents\Code\thesis-code\jfreechart-master\src\test\java\org\jfree\chart\axis\CategoryAnchorTest.java,C:\Users\simon\Documents\Code\thesis-code\jfreechart-master\src\main\java\org\jfree\chart\axis\CategoryAnchor.java
jfreechart-master,C:\Users\simon\Documents\Code\thesis-code\jfreechart-master\src\test\java\org\jfree\chart\axis\CategoryAxisTest.java,C:\Users\simon\Documents\Code\thesis-code\jfreechart-master\src\main\java\org\jfree\chart\axis\CategoryAxis.java
jfreechart-master,C:\Users\simon\Documents\Code\thesis-code\jfreechart-master\src\test\java\org\jfree\chart\axis\CategoryLabelPositionsTest.java,C:\Users\simon\Documents\Code\thesis-code\jfreechart-master\src\main\java\org\jfree\chart\axis\CategoryLabelPositions.java
jfreechart-master,C:\Users\simon\Documents\Code\thesis-code\jfreechart-master\src\test\java\org\jfree\chart\axis\CategoryLabelPositionTest.java,C:\Users\simon\Documents\Code\thesis-code\jfreechart-master\src\main\java\org\jfree\chart\axis\CategoryLabelPosition.java
jfreechart-master,C:\Users\simon\Documents\Code\thesis-code\jfreechart-master\src\test\java\org\jfree\chart\axis\CategoryLabelWidthTypeTest.java,C:\Users\simon\Documents\Code\thesis-code\jfreechart-master\src\main\java\org\jfree\chart\axis\CategoryLabelWidthType.java
jfreechart-master,C:\Users\simon\Documents\Code\thesis-code\jfreechart-master\src\test\java\org\jfree\chart\axis\CategoryTickTest.java,C:\Users\simon\Documents\Code\thesis-code\jfreechart-master\src\main\java\org\jfree\chart\axis\CategoryTick.java
jfreechart-master,C:\Users\simon\Documents\Code\thesis-code\jfreechart-master\src\test\java\org\jfree\chart\axis\CyclicNumberAxisTest.java,C:\Users\simon\Documents\Code\thesis-code\jfreechart-master\src\main\java\org\jfree\chart\axis\CyclicNumberAxis.java
jfreechart-master,C:\Users\simon\Documents\Code\thesis-code\jfreechart-master\src\test\java\org\jfree\chart\axis\DateAxisTest.java,C:\Users\simon\Documents\Code\thesis-code\jfreechart-master\src\main\java\org\jfree\chart\axis\DateAxis.java
jfreechart-master,C:\Users\simon\Documents\Code\thesis-code\jfreechart-master\src\test\java\org\jfree\chart\axis\DateTickMarkPositionTest.java,C:\Users\simon\Documents\Code\thesis-code\jfreechart-master\src\main\java\org\jfree\chart\axis\DateTickMarkPosition.java
jfreechart-master,C:\Users\simon\Documents\Code\thesis-code\jfreechart-master\src\test\java\org\jfree\chart\axis\DateTickTest.java,C:\Users\simon\Documents\Code\thesis-code\jfreechart-master\src\main\java\org\jfree\chart\axis\DateTick.java
jfreechart-master,C:\Users\simon\Documents\Code\thesis-code\jfreechart-master\src\test\java\org\jfree\chart\axis\DateTickUnitTest.java,C:\Users\simon\Documents\Code\thesis-code\jfreechart-master\src\main\java\org\jfree\chart\axis\DateTickUnit.java
jfreechart-master,C:\Users\simon\Documents\Code\thesis-code\jfreechart-master\src\test\java\org\jfree\chart\axis\ExtendedCategoryAxisTest.java,C:\Users\simon\Documents\Code\thesis-code\jfreechart-master\src\main\java\org\jfree\chart\axis\ExtendedCategoryAxis.java
jfreechart-master,C:\Users\simon\Documents\Code\thesis-code\jfreechart-master\src\test\java\org\jfree\chart\axis\LogarithmicAxisTest.java,C:\Users\simon\Documents\Code\thesis-code\jfreechart-master\src\main\java\org\jfree\chart\axis\LogarithmicAxis.java
jfreechart-master,C:\Users\simon\Documents\Code\thesis-code\jfreechart-master\src\test\java\org\jfree\chart\axis\LogAxisTest.java,C:\Users\simon\Documents\Code\thesis-code\jfreechart-master\src\main\java\org\jfree\chart\axis\LogAxis.java
jfreechart-master,C:\Users\simon\Documents\Code\thesis-code\jfreechart-master\src\test\java\org\jfree\chart\axis\MarkerAxisBandTest.java,C:\Users\simon\Documents\Code\thesis-code\jfreechart-master\src\main\java\org\jfree\chart\axis\MarkerAxisBand.java
jfreechart-master,C:\Users\simon\Documents\Code\thesis-code\jfreechart-master\src\test\java\org\jfree\chart\axis\ModuloAxisTest.java,C:\Users\simon\Documents\Code\thesis-code\jfreechart-master\src\main\java\org\jfree\chart\axis\ModuloAxis.java
jfreechart-master,C:\Users\simon\Documents\Code\thesis-code\jfreechart-master\src\test\java\org\jfree\chart\axis\MonthDateFormatTest.java,C:\Users\simon\Documents\Code\thesis-code\jfreechart-master\src\main\java\org\jfree\chart\axis\MonthDateFormat.java
jfreechart-master,C:\Users\simon\Documents\Code\thesis-code\jfreechart-master\src\test\java\org\jfree\chart\axis\NumberAxisTest.java,C:\Users\simon\Documents\Code\thesis-code\jfreechart-master\src\main\java\org\jfree\chart\axis\NumberAxis.java
jfreechart-master,C:\Users\simon\Documents\Code\thesis-code\jfreechart-master\src\test\java\org\jfree\chart\axis\NumberTickUnitTest.java,C:\Users\simon\Documents\Code\thesis-code\jfreechart-master\src\main\java\org\jfree\chart\axis\NumberTickUnit.java
jfreechart-master,C:\Users\simon\Documents\Code\thesis-code\jfreechart-master\src\test\java\org\jfree\chart\axis\PeriodAxisLabelInfoTest.java,C:\Users\simon\Documents\Code\thesis-code\jfreechart-master\src\main\java\org\jfree\chart\axis\PeriodAxisLabelInfo.java
jfreechart-master,C:\Users\simon\Documents\Code\thesis-code\jfreechart-master\src\test\java\org\jfree\chart\axis\PeriodAxisTest.java,C:\Users\simon\Documents\Code\thesis-code\jfreechart-master\src\main\java\org\jfree\chart\axis\PeriodAxis.java
jfreechart-master,C:\Users\simon\Documents\Code\thesis-code\jfreechart-master\src\test\java\org\jfree\chart\axis\QuarterDateFormatTest.java,C:\Users\simon\Documents\Code\thesis-code\jfreechart-master\src\main\java\org\jfree\chart\axis\QuarterDateFormat.java
jfreechart-master,C:\Users\simon\Documents\Code\thesis-code\jfreechart-master\src\test\java\org\jfree\chart\axis\StandardTickUnitSourceTest.java,C:\Users\simon\Documents\Code\thesis-code\jfreechart-master\src\main\java\org\jfree\chart\axis\StandardTickUnitSource.java
jfreechart-master,C:\Users\simon\Documents\Code\thesis-code\jfreechart-master\src\test\java\org\jfree\chart\axis\SubCategoryAxisTest.java,C:\Users\simon\Documents\Code\thesis-code\jfreechart-master\src\main\java\org\jfree\chart\axis\SubCategoryAxis.java
jfreechart-master,C:\Users\simon\Documents\Code\thesis-code\jfreechart-master\src\test\java\org\jfree\chart\axis\SymbolAxisTest.java,C:\Users\simon\Documents\Code\thesis-code\jfreechart-master\src\main\java\org\jfree\chart\axis\SymbolAxis.java
jfreechart-master,C:\Users\simon\Documents\Code\thesis-code\jfreechart-master\src\test\java\org\jfree\chart\axis\TickUnitsTest.java,C:\Users\simon\Documents\Code\thesis-code\jfreechart-master\src\main\java\org\jfree\chart\axis\TickUnits.java
jfreechart-master,C:\Users\simon\Documents\Code\thesis-code\jfreechart-master\src\test\java\org\jfree\chart\axis\ValueAxisTest.java,C:\Users\simon\Documents\Code\thesis-code\jfreechart-master\src\main\java\org\jfree\chart\axis\ValueAxis.java
jfreechart-master,C:\Users\simon\Documents\Code\thesis-code\jfreechart-master\src\test\java\org\jfree\chart\BarChartTest.java,
jfreechart-master,C:\Users\simon\Documents\Code\thesis-code\jfreechart-master\src\test\java\org\jfree\chart\block\AbstractBlockTest.java,C:\Users\simon\Documents\Code\thesis-code\jfreechart-master\src\main\java\org\jfree\chart\block\AbstractBlock.java
jfreechart-master,C:\Users\simon\Documents\Code\thesis-code\jfreechart-master\src\test\java\org\jfree\chart\block\BlockBorderTest.java,C:\Users\simon\Documents\Code\thesis-code\jfreechart-master\src\main\java\org\jfree\chart\block\BlockBorder.java
jfreechart-master,C:\Users\simon\Documents\Code\thesis-code\jfreechart-master\src\test\java\org\jfree\chart\block\BlockContainerTest.java,C:\Users\simon\Documents\Code\thesis-code\jfreechart-master\src\main\java\org\jfree\chart\block\BlockContainer.java
jfreechart-master,C:\Users\simon\Documents\Code\thesis-code\jfreechart-master\src\test\java\org\jfree\chart\block\BorderArrangementTest.java,C:\Users\simon\Documents\Code\thesis-code\jfreechart-master\src\main\java\org\jfree\chart\block\BorderArrangement.java
jfreechart-master,C:\Users\simon\Documents\Code\thesis-code\jfreechart-master\src\test\java\org\jfree\chart\block\ColorBlockTest.java,C:\Users\simon\Documents\Code\thesis-code\jfreechart-master\src\main\java\org\jfree\chart\block\ColorBlock.java
jfreechart-master,C:\Users\simon\Documents\Code\thesis-code\jfreechart-master\src\test\java\org\jfree\chart\block\ColumnArrangementTest.java,C:\Users\simon\Documents\Code\thesis-code\jfreechart-master\src\main\java\org\jfree\chart\block\ColumnArrangement.java
jfreechart-master,C:\Users\simon\Documents\Code\thesis-code\jfreechart-master\src\test\java\org\jfree\chart\block\EmptyBlockTest.java,C:\Users\simon\Documents\Code\thesis-code\jfreechart-master\src\main\java\org\jfree\chart\block\EmptyBlock.java
jfreechart-master,C:\Users\simon\Documents\Code\thesis-code\jfreechart-master\src\test\java\org\jfree\chart\block\FlowArrangementTest.java,C:\Users\simon\Documents\Code\thesis-code\jfreechart-master\src\main\java\org\jfree\chart\block\FlowArrangement.java
jfreechart-master,C:\Users\simon\Documents\Code\thesis-code\jfreechart-master\src\test\java\org\jfree\chart\block\GridArrangementTest.java,C:\Users\simon\Documents\Code\thesis-code\jfreechart-master\src\main\java\org\jfree\chart\block\GridArrangement.java
jfreechart-master,C:\Users\simon\Documents\Code\thesis-code\jfreechart-master\src\test\java\org\jfree\chart\block\LabelBlockTest.java,C:\Users\simon\Documents\Code\thesis-code\jfreechart-master\src\main\java\org\jfree\chart\block\LabelBlock.java
jfreechart-master,C:\Users\simon\Documents\Code\thesis-code\jfreechart-master\src\test\java\org\jfree\chart\block\LineBorderTest.java,C:\Users\simon\Documents\Code\thesis-code\jfreechart-master\src\main\java\org\jfree\chart\block\LineBorder.java
jfreechart-master,C:\Users\simon\Documents\Code\thesis-code\jfreechart-master\src\test\java\org\jfree\chart\block\RectangleConstraintTest.java,C:\Users\simon\Documents\Code\thesis-code\jfreechart-master\src\main\java\org\jfree\chart\block\RectangleConstraint.java
jfreechart-master,C:\Users\simon\Documents\Code\thesis-code\jfreechart-master\src\test\java\org\jfree\chart\ChartRenderingInfoTest.java,C:\Users\simon\Documents\Code\thesis-code\jfreechart-master\src\main\java\org\jfree\chart\ChartRenderingInfo.java
jfreechart-master,C:\Users\simon\Documents\Code\thesis-code\jfreechart-master\src\test\java\org\jfree\chart\encoders\EncoderUtilTest.java,C:\Users\simon\Documents\Code\thesis-code\jfreechart-master\src\main\java\org\jfree\chart\encoders\EncoderUtil.java
jfreechart-master,C:\Users\simon\Documents\Code\thesis-code\jfreechart-master\src\test\java\org\jfree\chart\entity\CategoryItemEntityTest.java,C:\Users\simon\Documents\Code\thesis-code\jfreechart-master\src\main\java\org\jfree\chart\entity\CategoryItemEntity.java
jfreechart-master,C:\Users\simon\Documents\Code\thesis-code\jfreechart-master\src\test\java\org\jfree\chart\entity\CategoryLabelEntityTest.java,C:\Users\simon\Documents\Code\thesis-code\jfreechart-master\src\main\java\org\jfree\chart\entity\CategoryLabelEntity.java
jfreechart-master,C:\Users\simon\Documents\Code\thesis-code\jfreechart-master\src\test\java\org\jfree\chart\entity\FlowEntityTest.java,C:\Users\simon\Documents\Code\thesis-code\jfreechart-master\src\main\java\org\jfree\chart\entity\FlowEntity.java
jfreechart-master,C:\Users\simon\Documents\Code\thesis-code\jfreechart-master\src\test\java\org\jfree\chart\entity\LegendItemEntityTest.java,C:\Users\simon\Documents\Code\thesis-code\jfreechart-master\src\main\java\org\jfree\chart\entity\LegendItemEntity.java
jfreechart-master,C:\Users\simon\Documents\Code\thesis-code\jfreechart-master\src\test\java\org\jfree\chart\entity\PieSectionEntityTest.java,C:\Users\simon\Documents\Code\thesis-code\jfreechart-master\src\main\java\org\jfree\chart\entity\PieSectionEntity.java
jfreechart-master,C:\Users\simon\Documents\Code\thesis-code\jfreechart-master\src\test\java\org\jfree\chart\entity\StandardEntityCollectionTest.java,C:\Users\simon\Documents\Code\thesis-code\jfreechart-master\src\main\java\org\jfree\chart\entity\StandardEntityCollection.java
jfreechart-master,C:\Users\simon\Documents\Code\thesis-code\jfreechart-master\src\test\java\org\jfree\chart\entity\TickLabelEntityTest.java,C:\Users\simon\Documents\Code\thesis-code\jfreechart-master\src\main\java\org\jfree\chart\entity\TickLabelEntity.java
jfreechart-master,C:\Users\simon\Documents\Code\thesis-code\jfreechart-master\src\test\java\org\jfree\chart\entity\XYItemEntityTest.java,C:\Users\simon\Documents\Code\thesis-code\jfreechart-master\src\main\java\org\jfree\chart\entity\XYItemEntity.java
jfreechart-master,C:\Users\simon\Documents\Code\thesis-code\jfreechart-master\src\test\java\org\jfree\chart\GanttChartTest.java,
jfreechart-master,C:\Users\simon\Documents\Code\thesis-code\jfreechart-master\src\test\java\org\jfree\chart\imagemap\DynamicDriveToolTipTagFragmentGeneratorTest.java,C:\Users\simon\Documents\Code\thesis-code\jfreechart-master\src\main\java\org\jfree\chart\imagemap\DynamicDriveToolTipTagFragmentGenerator.java
jfreechart-master,C:\Users\simon\Documents\Code\thesis-code\jfreechart-master\src\test\java\org\jfree\chart\imagemap\ImageMapUtilsTest.java,C:\Users\simon\Documents\Code\thesis-code\jfreechart-master\src\main\java\org\jfree\chart\imagemap\ImageMapUtils.java
jfreechart-master,C:\Users\simon\Documents\Code\thesis-code\jfreechart-master\src\test\java\org\jfree\chart\imagemap\OverLIBToolTipTagFragmentGeneratorTest.java,C:\Users\simon\Documents\Code\thesis-code\jfreechart-master\src\main\java\org\jfree\chart\imagemap\OverLIBToolTipTagFragmentGenerator.java
jfreechart-master,C:\Users\simon\Documents\Code\thesis-code\jfreechart-master\src\test\java\org\jfree\chart\imagemap\StandardToolTipTagFragmentGeneratorTest.java,C:\Users\simon\Documents\Code\thesis-code\jfreechart-master\src\main\java\org\jfree\chart\imagemap\StandardToolTipTagFragmentGenerator.java
jfreechart-master,C:\Users\simon\Documents\Code\thesis-code\jfreechart-master\src\test\java\org\jfree\chart\imagemap\StandardURLTagFragmentGeneratorTest.java,C:\Users\simon\Documents\Code\thesis-code\jfreechart-master\src\main\java\org\jfree\chart\imagemap\StandardURLTagFragmentGenerator.java
jfreechart-master,C:\Users\simon\Documents\Code\thesis-code\jfreechart-master\src\test\java\org\jfree\chart\internal\ArgsTest.java,C:\Users\simon\Documents\Code\thesis-code\jfreechart-master\src\main\java\org\jfree\chart\internal\Args.java
jfreechart-master,C:\Users\simon\Documents\Code\thesis-code\jfreechart-master\src\test\java\org\jfree\chart\internal\CloneUtilsTest.java,C:\Users\simon\Documents\Code\thesis-code\jfreechart-master\src\main\java\org\jfree\chart\internal\CloneUtils.java
jfreechart-master,C:\Users\simon\Documents\Code\thesis-code\jfreechart-master\src\test\java\org\jfree\chart\internal\HashUtilsTest.java,C:\Users\simon\Documents\Code\thesis-code\jfreechart-master\src\main\java\org\jfree\chart\internal\HashUtils.java
jfreechart-master,C:\Users\simon\Documents\Code\thesis-code\jfreechart-master\src\test\java\org\jfree\chart\internal\LineUtilsTest.java,C:\Users\simon\Documents\Code\thesis-code\jfreechart-master\src\main\java\org\jfree\chart\internal\LineUtils.java
jfreechart-master,C:\Users\simon\Documents\Code\thesis-code\jfreechart-master\src\test\java\org\jfree\chart\internal\SerialUtilsTest.java,C:\Users\simon\Documents\Code\thesis-code\jfreechart-master\src\main\java\org\jfree\chart\internal\SerialUtils.java
jfreechart-master,C:\Users\simon\Documents\Code\thesis-code\jfreechart-master\src\test\java\org\jfree\chart\internal\ShapeUtilsTest.java,C:\Users\simon\Documents\Code\thesis-code\jfreechart-master\src\main\java\org\jfree\chart\internal\ShapeUtils.java
jfreechart-master,C:\Users\simon\Documents\Code\thesis-code\jfreechart-master\src\test\java\org\jfree\chart\JFreeChartTest.java,C:\Users\simon\Documents\Code\thesis-code\jfreechart-master\src\main\java\org\jfree\chart\JFreeChart.java
jfreechart-master,C:\Users\simon\Documents\Code\thesis-code\jfreechart-master\src\test\java\org\jfree\chart\labels\BoxAndWhiskerToolTipGeneratorTest.java,C:\Users\simon\Documents\Code\thesis-code\jfreechart-master\src\main\java\org\jfree\chart\labels\BoxAndWhiskerToolTipGenerator.java
jfreechart-master,C:\Users\simon\Documents\Code\thesis-code\jfreechart-master\src\test\java\org\jfree\chart\labels\BoxAndWhiskerXYToolTipGeneratorTest.java,C:\Users\simon\Documents\Code\thesis-code\jfreechart-master\src\main\java\org\jfree\chart\labels\BoxAndWhiskerXYToolTipGenerator.java
jfreechart-master,C:\Users\simon\Documents\Code\thesis-code\jfreechart-master\src\test\java\org\jfree\chart\labels\BubbleXYItemLabelGeneratorTest.java,C:\Users\simon\Documents\Code\thesis-code\jfreechart-master\src\main\java\org\jfree\chart\labels\BubbleXYItemLabelGenerator.java
jfreechart-master,C:\Users\simon\Documents\Code\thesis-code\jfreechart-master\src\test\java\org\jfree\chart\labels\CustomXYItemLabelGeneratorTest.java,
jfreechart-master,C:\Users\simon\Documents\Code\thesis-code\jfreechart-master\src\test\java\org\jfree\chart\labels\HighLowItemLabelGeneratorTest.java,C:\Users\simon\Documents\Code\thesis-code\jfreechart-master\src\main\java\org\jfree\chart\labels\HighLowItemLabelGenerator.java
jfreechart-master,C:\Users\simon\Documents\Code\thesis-code\jfreechart-master\src\test\java\org\jfree\chart\labels\IntervalCategoryItemLabelGeneratorTest.java,C:\Users\simon\Documents\Code\thesis-code\jfreechart-master\src\main\java\org\jfree\chart\labels\IntervalCategoryItemLabelGenerator.java
jfreechart-master,C:\Users\simon\Documents\Code\thesis-code\jfreechart-master\src\test\java\org\jfree\chart\labels\IntervalCategoryToolTipGeneratorTest.java,C:\Users\simon\Documents\Code\thesis-code\jfreechart-master\src\main\java\org\jfree\chart\labels\IntervalCategoryToolTipGenerator.java
jfreechart-master,C:\Users\simon\Documents\Code\thesis-code\jfreechart-master\src\test\java\org\jfree\chart\labels\ItemLabelAnchorTest.java,C:\Users\simon\Documents\Code\thesis-code\jfreechart-master\src\main\java\org\jfree\chart\labels\ItemLabelAnchor.java
jfreechart-master,C:\Users\simon\Documents\Code\thesis-code\jfreechart-master\src\test\java\org\jfree\chart\labels\ItemLabelPositionTest.java,C:\Users\simon\Documents\Code\thesis-code\jfreechart-master\src\main\java\org\jfree\chart\labels\ItemLabelPosition.java
jfreechart-master,C:\Users\simon\Documents\Code\thesis-code\jfreechart-master\src\test\java\org\jfree\chart\labels\MultipleXYSeriesLabelGeneratorTest.java,C:\Users\simon\Documents\Code\thesis-code\jfreechart-master\src\main\java\org\jfree\chart\labels\MultipleXYSeriesLabelGenerator.java
jfreechart-master,C:\Users\simon\Documents\Code\thesis-code\jfreechart-master\src\test\java\org\jfree\chart\labels\StandardCategoryItemLabelGeneratorTest.java,C:\Users\simon\Documents\Code\thesis-code\jfreechart-master\src\main\java\org\jfree\chart\labels\StandardCategoryItemLabelGenerator.java
jfreechart-master,C:\Users\simon\Documents\Code\thesis-code\jfreechart-master\src\test\java\org\jfree\chart\labels\StandardCategorySeriesLabelGeneratorTest.java,C:\Users\simon\Documents\Code\thesis-code\jfreechart-master\src\main\java\org\jfree\chart\labels\StandardCategorySeriesLabelGenerator.java
jfreechart-master,C:\Users\simon\Documents\Code\thesis-code\jfreechart-master\src\test\java\org\jfree\chart\labels\StandardCategoryToolTipGeneratorTest.java,C:\Users\simon\Documents\Code\thesis-code\jfreechart-master\src\main\java\org\jfree\chart\labels\StandardCategoryToolTipGenerator.java
jfreechart-master,C:\Users\simon\Documents\Code\thesis-code\jfreechart-master\src\test\java\org\jfree\chart\labels\StandardFlowLabelGeneratorTest.java,C:\Users\simon\Documents\Code\thesis-code\jfreechart-master\src\main\java\org\jfree\chart\labels\StandardFlowLabelGenerator.java
jfreechart-master,C:\Users\simon\Documents\Code\thesis-code\jfreechart-master\src\test\java\org\jfree\chart\labels\StandardPieSectionLabelGeneratorTest.java,C:\Users\simon\Documents\Code\thesis-code\jfreechart-master\src\main\java\org\jfree\chart\labels\StandardPieSectionLabelGenerator.java
jfreechart-master,C:\Users\simon\Documents\Code\thesis-code\jfreechart-master\src\test\java\org\jfree\chart\labels\StandardPieToolTipGeneratorTest.java,C:\Users\simon\Documents\Code\thesis-code\jfreechart-master\src\main\java\org\jfree\chart\labels\StandardPieToolTipGenerator.java
jfreechart-master,C:\Users\simon\Documents\Code\thesis-code\jfreechart-master\src\test\java\org\jfree\chart\labels\StandardXYItemLabelGeneratorTest.java,C:\Users\simon\Documents\Code\thesis-code\jfreechart-master\src\main\java\org\jfree\chart\labels\StandardXYItemLabelGenerator.java
jfreechart-master,C:\Users\simon\Documents\Code\thesis-code\jfreechart-master\src\test\java\org\jfree\chart\labels\StandardXYSeriesLabelGeneratorTest.java,C:\Users\simon\Documents\Code\thesis-code\jfreechart-master\src\main\java\org\jfree\chart\labels\StandardXYSeriesLabelGenerator.java
jfreechart-master,C:\Users\simon\Documents\Code\thesis-code\jfreechart-master\src\test\java\org\jfree\chart\labels\StandardXYToolTipGeneratorTest.java,C:\Users\simon\Documents\Code\thesis-code\jfreechart-master\src\main\java\org\jfree\chart\labels\StandardXYToolTipGenerator.java
jfreechart-master,C:\Users\simon\Documents\Code\thesis-code\jfreechart-master\src\test\java\org\jfree\chart\labels\StandardXYZToolTipGeneratorTest.java,C:\Users\simon\Documents\Code\thesis-code\jfreechart-master\src\main\java\org\jfree\chart\labels\StandardXYZToolTipGenerator.java
jfreechart-master,C:\Users\simon\Documents\Code\thesis-code\jfreechart-master\src\test\java\org\jfree\chart\labels\SymbolicXYItemLabelGeneratorTest.java,C:\Users\simon\Documents\Code\thesis-code\jfreechart-master\src\main\java\org\jfree\chart\labels\SymbolicXYItemLabelGenerator.java
jfreechart-master,C:\Users\simon\Documents\Code\thesis-code\jfreechart-master\src\test\java\org\jfree\chart\legend\LegendGraphicTest.java,C:\Users\simon\Documents\Code\thesis-code\jfreechart-master\src\main\java\org\jfree\chart\legend\LegendGraphic.java
jfreechart-master,C:\Users\simon\Documents\Code\thesis-code\jfreechart-master\src\test\java\org\jfree\chart\legend\LegendTitleTest.java,C:\Users\simon\Documents\Code\thesis-code\jfreechart-master\src\main\java\org\jfree\chart\legend\LegendTitle.java
jfreechart-master,C:\Users\simon\Documents\Code\thesis-code\jfreechart-master\src\test\java\org\jfree\chart\legend\PaintScaleLegendTest.java,C:\Users\simon\Documents\Code\thesis-code\jfreechart-master\src\main\java\org\jfree\chart\legend\PaintScaleLegend.java
jfreechart-master,C:\Users\simon\Documents\Code\thesis-code\jfreechart-master\src\test\java\org\jfree\chart\LegendItemCollectionTest.java,C:\Users\simon\Documents\Code\thesis-code\jfreechart-master\src\main\java\org\jfree\chart\legend\LegendItemCollection.java
jfreechart-master,C:\Users\simon\Documents\Code\thesis-code\jfreechart-master\src\test\java\org\jfree\chart\LegendItemTest.java,C:\Users\simon\Documents\Code\thesis-code\jfreechart-master\src\main\java\org\jfree\chart\legend\LegendItem.java
jfreechart-master,C:\Users\simon\Documents\Code\thesis-code\jfreechart-master\src\test\java\org\jfree\chart\LineChartTest.java,
jfreechart-master,C:\Users\simon\Documents\Code\thesis-code\jfreechart-master\src\test\java\org\jfree\chart\MeterChartTest.java,
jfreechart-master,C:\Users\simon\Documents\Code\thesis-code\jfreechart-master\src\test\java\org\jfree\chart\PieChartTest.java,
jfreechart-master,C:\Users\simon\Documents\Code\thesis-code\jfreechart-master\src\test\java\org\jfree\chart\plot\CategoryMarkerTest.java,C:\Users\simon\Documents\Code\thesis-code\jfreechart-master\src\main\java\org\jfree\chart\plot\CategoryMarker.java
jfreechart-master,C:\Users\simon\Documents\Code\thesis-code\jfreechart-master\src\test\java\org\jfree\chart\plot\CategoryPlotTest.java,C:\Users\simon\Documents\Code\thesis-code\jfreechart-master\src\main\java\org\jfree\chart\plot\CategoryPlot.java
jfreechart-master,C:\Users\simon\Documents\Code\thesis-code\jfreechart-master\src\test\java\org\jfree\chart\plot\CombinedDomainCategoryPlotTest.java,C:\Users\simon\Documents\Code\thesis-code\jfreechart-master\src\main\java\org\jfree\chart\plot\CombinedDomainCategoryPlot.java
jfreechart-master,C:\Users\simon\Documents\Code\thesis-code\jfreechart-master\src\test\java\org\jfree\chart\plot\CombinedDomainXYPlotTest.java,C:\Users\simon\Documents\Code\thesis-code\jfreechart-master\src\main\java\org\jfree\chart\plot\CombinedDomainXYPlot.java
jfreechart-master,C:\Users\simon\Documents\Code\thesis-code\jfreechart-master\src\test\java\org\jfree\chart\plot\CombinedRangeCategoryPlotTest.java,C:\Users\simon\Documents\Code\thesis-code\jfreechart-master\src\main\java\org\jfree\chart\plot\CombinedRangeCategoryPlot.java
jfreechart-master,C:\Users\simon\Documents\Code\thesis-code\jfreechart-master\src\test\java\org\jfree\chart\plot\CombinedRangeXYPlotTest.java,C:\Users\simon\Documents\Code\thesis-code\jfreechart-master\src\main\java\org\jfree\chart\plot\CombinedRangeXYPlot.java
jfreechart-master,C:\Users\simon\Documents\Code\thesis-code\jfreechart-master\src\test\java\org\jfree\chart\plot\compass\ArrowNeedleTest.java,C:\Users\simon\Documents\Code\thesis-code\jfreechart-master\src\main\java\org\jfree\chart\plot\compass\ArrowNeedle.java
jfreechart-master,C:\Users\simon\Documents\Code\thesis-code\jfreechart-master\src\test\java\org\jfree\chart\plot\compass\CompassPlotTest.java,C:\Users\simon\Documents\Code\thesis-code\jfreechart-master\src\main\java\org\jfree\chart\plot\compass\CompassPlot.java
jfreechart-master,C:\Users\simon\Documents\Code\thesis-code\jfreechart-master\src\test\java\org\jfree\chart\plot\compass\LineNeedleTest.java,C:\Users\simon\Documents\Code\thesis-code\jfreechart-master\src\main\java\org\jfree\chart\plot\compass\LineNeedle.java
jfreechart-master,C:\Users\simon\Documents\Code\thesis-code\jfreechart-master\src\test\java\org\jfree\chart\plot\compass\LongNeedleTest.java,C:\Users\simon\Documents\Code\thesis-code\jfreechart-master\src\main\java\org\jfree\chart\plot\compass\LongNeedle.java
jfreechart-master,C:\Users\simon\Documents\Code\thesis-code\jfreechart-master\src\test\java\org\jfree\chart\plot\compass\MeterNeedleTest.java,C:\Users\simon\Documents\Code\thesis-code\jfreechart-master\src\main\java\org\jfree\chart\plot\compass\MeterNeedle.java
jfreechart-master,C:\Users\simon\Documents\Code\thesis-code\jfreechart-master\src\test\java\org\jfree\chart\plot\compass\MiddlePinNeedleTest.java,C:\Users\simon\Documents\Code\thesis-code\jfreechart-master\src\main\java\org\jfree\chart\plot\compass\MiddlePinNeedle.java
jfreechart-master,C:\Users\simon\Documents\Code\thesis-code\jfreechart-master\src\test\java\org\jfree\chart\plot\compass\PinNeedleTest.java,C:\Users\simon\Documents\Code\thesis-code\jfreechart-master\src\main\java\org\jfree\chart\plot\compass\PinNeedle.java
jfreechart-master,C:\Users\simon\Documents\Code\thesis-code\jfreechart-master\src\test\java\org\jfree\chart\plot\compass\PlumNeedleTest.java,C:\Users\simon\Documents\Code\thesis-code\jfreechart-master\src\main\java\org\jfree\chart\plot\compass\PlumNeedle.java
jfreechart-master,C:\Users\simon\Documents\Code\thesis-code\jfreechart-master\src\test\java\org\jfree\chart\plot\compass\PointerNeedleTest.java,C:\Users\simon\Documents\Code\thesis-code\jfreechart-master\src\main\java\org\jfree\chart\plot\compass\PointerNeedle.java
jfreechart-master,C:\Users\simon\Documents\Code\thesis-code\jfreechart-master\src\test\java\org\jfree\chart\plot\compass\ShipNeedleTest.java,C:\Users\simon\Documents\Code\thesis-code\jfreechart-master\src\main\java\org\jfree\chart\plot\compass\ShipNeedle.java
jfreechart-master,C:\Users\simon\Documents\Code\thesis-code\jfreechart-master\src\test\java\org\jfree\chart\plot\compass\WindNeedleTest.java,C:\Users\simon\Documents\Code\thesis-code\jfreechart-master\src\main\java\org\jfree\chart\plot\compass\WindNeedle.java
jfreechart-master,C:\Users\simon\Documents\Code\thesis-code\jfreechart-master\src\test\java\org\jfree\chart\plot\CrosshairTest.java,C:\Users\simon\Documents\Code\thesis-code\jfreechart-master\src\main\java\org\jfree\chart\plot\Crosshair.java
jfreechart-master,C:\Users\simon\Documents\Code\thesis-code\jfreechart-master\src\test\java\org\jfree\chart\plot\DefaultDrawingSupplierTest.java,C:\Users\simon\Documents\Code\thesis-code\jfreechart-master\src\main\java\org\jfree\chart\plot\DefaultDrawingSupplier.java
jfreechart-master,C:\Users\simon\Documents\Code\thesis-code\jfreechart-master\src\test\java\org\jfree\chart\plot\dial\AbstractDialLayerTest.java,C:\Users\simon\Documents\Code\thesis-code\jfreechart-master\src\main\java\org\jfree\chart\plot\dial\AbstractDialLayer.java
jfreechart-master,C:\Users\simon\Documents\Code\thesis-code\jfreechart-master\src\test\java\org\jfree\chart\plot\dial\ArcDialFrameTest.java,C:\Users\simon\Documents\Code\thesis-code\jfreechart-master\src\main\java\org\jfree\chart\plot\dial\ArcDialFrame.java
jfreechart-master,C:\Users\simon\Documents\Code\thesis-code\jfreechart-master\src\test\java\org\jfree\chart\plot\dial\DialBackgroundTest.java,C:\Users\simon\Documents\Code\thesis-code\jfreechart-master\src\main\java\org\jfree\chart\plot\dial\DialBackground.java
jfreechart-master,C:\Users\simon\Documents\Code\thesis-code\jfreechart-master\src\test\java\org\jfree\chart\plot\dial\DialCapTest.java,C:\Users\simon\Documents\Code\thesis-code\jfreechart-master\src\main\java\org\jfree\chart\plot\dial\DialCap.java
jfreechart-master,C:\Users\simon\Documents\Code\thesis-code\jfreechart-master\src\test\java\org\jfree\chart\plot\dial\DialPlotTest.java,C:\Users\simon\Documents\Code\thesis-code\jfreechart-master\src\main\java\org\jfree\chart\plot\dial\DialPlot.java
jfreechart-master,C:\Users\simon\Documents\Code\thesis-code\jfreechart-master\src\test\java\org\jfree\chart\plot\dial\DialPointerTest.java,C:\Users\simon\Documents\Code\thesis-code\jfreechart-master\src\main\java\org\jfree\chart\plot\dial\DialPointer.java
jfreechart-master,C:\Users\simon\Documents\Code\thesis-code\jfreechart-master\src\test\java\org\jfree\chart\plot\dial\DialTextAnnotationTest.java,C:\Users\simon\Documents\Code\thesis-code\jfreechart-master\src\main\java\org\jfree\chart\plot\dial\DialTextAnnotation.java
jfreechart-master,C:\Users\simon\Documents\Code\thesis-code\jfreechart-master\src\test\java\org\jfree\chart\plot\dial\DialValueIndicatorTest.java,C:\Users\simon\Documents\Code\thesis-code\jfreechart-master\src\main\java\org\jfree\chart\plot\dial\DialValueIndicator.java
jfreechart-master,C:\Users\simon\Documents\Code\thesis-code\jfreechart-master\src\test\java\org\jfree\chart\plot\dial\StandardDialFrameTest.java,C:\Users\simon\Documents\Code\thesis-code\jfreechart-master\src\main\java\org\jfree\chart\plot\dial\StandardDialFrame.java
jfreechart-master,C:\Users\simon\Documents\Code\thesis-code\jfreechart-master\src\test\java\org\jfree\chart\plot\dial\StandardDialRangeTest.java,C:\Users\simon\Documents\Code\thesis-code\jfreechart-master\src\main\java\org\jfree\chart\plot\dial\StandardDialRange.java
jfreechart-master,C:\Users\simon\Documents\Code\thesis-code\jfreechart-master\src\test\java\org\jfree\chart\plot\dial\StandardDialScaleTest.java,C:\Users\simon\Documents\Code\thesis-code\jfreechart-master\src\main\java\org\jfree\chart\plot\dial\StandardDialScale.java
jfreechart-master,C:\Users\simon\Documents\Code\thesis-code\jfreechart-master\src\test\java\org\jfree\chart\plot\FastScatterPlotTest.java,C:\Users\simon\Documents\Code\thesis-code\jfreechart-master\src\main\java\org\jfree\chart\plot\FastScatterPlot.java
jfreechart-master,C:\Users\simon\Documents\Code\thesis-code\jfreechart-master\src\test\java\org\jfree\chart\plot\flow\FlowPlotTest.java,C:\Users\simon\Documents\Code\thesis-code\jfreechart-master\src\main\java\org\jfree\chart\plot\flow\FlowPlot.java
jfreechart-master,C:\Users\simon\Documents\Code\thesis-code\jfreechart-master\src\test\java\org\jfree\chart\plot\IntervalMarkerTest.java,C:\Users\simon\Documents\Code\thesis-code\jfreechart-master\src\main\java\org\jfree\chart\plot\IntervalMarker.java
jfreechart-master,C:\Users\simon\Documents\Code\thesis-code\jfreechart-master\src\test\java\org\jfree\chart\plot\MarkerTest.java,C:\Users\simon\Documents\Code\thesis-code\jfreechart-master\src\main\java\org\jfree\chart\plot\Marker.java
jfreechart-master,C:\Users\simon\Documents\Code\thesis-code\jfreechart-master\src\test\java\org\jfree\chart\plot\MeterIntervalTest.java,C:\Users\simon\Documents\Code\thesis-code\jfreechart-master\src\main\java\org\jfree\chart\plot\MeterInterval.java
jfreechart-master,C:\Users\simon\Documents\Code\thesis-code\jfreechart-master\src\test\java\org\jfree\chart\plot\MeterPlotTest.java,C:\Users\simon\Documents\Code\thesis-code\jfreechart-master\src\main\java\org\jfree\chart\plot\MeterPlot.java
jfreechart-master,C:\Users\simon\Documents\Code\thesis-code\jfreechart-master\src\test\java\org\jfree\chart\plot\pie\MultiplePiePlotTest.java,C:\Users\simon\Documents\Code\thesis-code\jfreechart-master\src\main\java\org\jfree\chart\plot\pie\MultiplePiePlot.java
jfreechart-master,C:\Users\simon\Documents\Code\thesis-code\jfreechart-master\src\test\java\org\jfree\chart\plot\pie\PieLabelRecordTest.java,C:\Users\simon\Documents\Code\thesis-code\jfreechart-master\src\main\java\org\jfree\chart\plot\pie\PieLabelRecord.java
jfreechart-master,C:\Users\simon\Documents\Code\thesis-code\jfreechart-master\src\test\java\org\jfree\chart\plot\pie\PiePlotTest.java,C:\Users\simon\Documents\Code\thesis-code\jfreechart-master\src\main\java\org\jfree\chart\plot\pie\PiePlot.java
jfreechart-master,C:\Users\simon\Documents\Code\thesis-code\jfreechart-master\src\test\java\org\jfree\chart\plot\PlotOrientationTest.java,C:\Users\simon\Documents\Code\thesis-code\jfreechart-master\src\main\java\org\jfree\chart\plot\PlotOrientation.java
jfreechart-master,C:\Users\simon\Documents\Code\thesis-code\jfreechart-master\src\test\java\org\jfree\chart\plot\PlotRenderingInfoTest.java,C:\Users\simon\Documents\Code\thesis-code\jfreechart-master\src\main\java\org\jfree\chart\plot\PlotRenderingInfo.java
jfreechart-master,C:\Users\simon\Documents\Code\thesis-code\jfreechart-master\src\test\java\org\jfree\chart\plot\PlotTest.java,C:\Users\simon\Documents\Code\thesis-code\jfreechart-master\src\main\java\org\jfree\chart\plot\Plot.java
jfreechart-master,C:\Users\simon\Documents\Code\thesis-code\jfreechart-master\src\test\java\org\jfree\chart\plot\PolarPlotTest.java,C:\Users\simon\Documents\Code\thesis-code\jfreechart-master\src\main\java\org\jfree\chart\plot\PolarPlot.java
jfreechart-master,C:\Users\simon\Documents\Code\thesis-code\jfreechart-master\src\test\java\org\jfree\chart\plot\RingPlotTest.java,C:\Users\simon\Documents\Code\thesis-code\jfreechart-master\src\main\java\org\jfree\chart\plot\RingPlot.java
jfreechart-master,C:\Users\simon\Documents\Code\thesis-code\jfreechart-master\src\test\java\org\jfree\chart\plot\SpiderWebPlotTest.java,C:\Users\simon\Documents\Code\thesis-code\jfreechart-master\src\main\java\org\jfree\chart\plot\SpiderWebPlot.java
jfreechart-master,C:\Users\simon\Documents\Code\thesis-code\jfreechart-master\src\test\java\org\jfree\chart\plot\ThermometerPlotTest.java,C:\Users\simon\Documents\Code\thesis-code\jfreechart-master\src\main\java\org\jfree\chart\plot\ThermometerPlot.java
jfreechart-master,C:\Users\simon\Documents\Code\thesis-code\jfreechart-master\src\test\java\org\jfree\chart\plot\ValueMarkerTest.java,C:\Users\simon\Documents\Code\thesis-code\jfreechart-master\src\main\java\org\jfree\chart\plot\ValueMarker.java
jfreechart-master,C:\Users\simon\Documents\Code\thesis-code\jfreechart-master\src\test\java\org\jfree\chart\plot\XYPlotTest.java,C:\Users\simon\Documents\Code\thesis-code\jfreechart-master\src\main\java\org\jfree\chart\plot\XYPlot.java
jfreechart-master,C:\Users\simon\Documents\Code\thesis-code\jfreechart-master\src\test\java\org\jfree\chart\renderer\AbstractRendererTest.java,C:\Users\simon\Documents\Code\thesis-code\jfreechart-master\src\main\java\org\jfree\chart\renderer\AbstractRenderer.java
jfreechart-master,C:\Users\simon\Documents\Code\thesis-code\jfreechart-master\src\test\java\org\jfree\chart\renderer\AreaRendererEndTypeTest.java,C:\Users\simon\Documents\Code\thesis-code\jfreechart-master\src\main\java\org\jfree\chart\renderer\AreaRendererEndType.java
jfreechart-master,C:\Users\simon\Documents\Code\thesis-code\jfreechart-master\src\test\java\org\jfree\chart\renderer\category\AbstractCategoryItemRendererTest.java,C:\Users\simon\Documents\Code\thesis-code\jfreechart-master\src\main\java\org\jfree\chart\renderer\category\AbstractCategoryItemRenderer.java
jfreechart-master,C:\Users\simon\Documents\Code\thesis-code\jfreechart-master\src\test\java\org\jfree\chart\renderer\category\AreaRendererTest.java,C:\Users\simon\Documents\Code\thesis-code\jfreechart-master\src\main\java\org\jfree\chart\renderer\category\AreaRenderer.java
jfreechart-master,C:\Users\simon\Documents\Code\thesis-code\jfreechart-master\src\test\java\org\jfree\chart\renderer\category\BarRendererTest.java,C:\Users\simon\Documents\Code\thesis-code\jfreechart-master\src\main\java\org\jfree\chart\renderer\category\BarRenderer.java
jfreechart-master,C:\Users\simon\Documents\Code\thesis-code\jfreechart-master\src\test\java\org\jfree\chart\renderer\category\BoxAndWhiskerRendererTest.java,C:\Users\simon\Documents\Code\thesis-code\jfreechart-master\src\main\java\org\jfree\chart\renderer\category\BoxAndWhiskerRenderer.java
jfreechart-master,C:\Users\simon\Documents\Code\thesis-code\jfreechart-master\src\test\java\org\jfree\chart\renderer\category\CategoryStepRendererTest.java,C:\Users\simon\Documents\Code\thesis-code\jfreechart-master\src\main\java\org\jfree\chart\renderer\category\CategoryStepRenderer.java
jfreechart-master,C:\Users\simon\Documents\Code\thesis-code\jfreechart-master\src\test\java\org\jfree\chart\renderer\category\DefaultCategoryItemRendererTest.java,C:\Users\simon\Documents\Code\thesis-code\jfreechart-master\src\main\java\org\jfree\chart\renderer\category\DefaultCategoryItemRenderer.java
jfreechart-master,C:\Users\simon\Documents\Code\thesis-code\jfreechart-master\src\test\java\org\jfree\chart\renderer\category\GanttRendererTest.java,C:\Users\simon\Documents\Code\thesis-code\jfreechart-master\src\main\java\org\jfree\chart\renderer\category\GanttRenderer.java
jfreechart-master,C:\Users\simon\Documents\Code\thesis-code\jfreechart-master\src\test\java\org\jfree\chart\renderer\category\GradientBarPainterTest.java,C:\Users\simon\Documents\Code\thesis-code\jfreechart-master\src\main\java\org\jfree\chart\renderer\category\GradientBarPainter.java
jfreechart-master,C:\Users\simon\Documents\Code\thesis-code\jfreechart-master\src\test\java\org\jfree\chart\renderer\category\GroupedStackedBarRendererTest.java,C:\Users\simon\Documents\Code\thesis-code\jfreechart-master\src\main\java\org\jfree\chart\renderer\category\GroupedStackedBarRenderer.java
jfreechart-master,C:\Users\simon\Documents\Code\thesis-code\jfreechart-master\src\test\java\org\jfree\chart\renderer\category\IntervalBarRendererTest.java,C:\Users\simon\Documents\Code\thesis-code\jfreechart-master\src\main\java\org\jfree\chart\renderer\category\IntervalBarRenderer.java
jfreechart-master,C:\Users\simon\Documents\Code\thesis-code\jfreechart-master\src\test\java\org\jfree\chart\renderer\category\LayeredBarRendererTest.java,C:\Users\simon\Documents\Code\thesis-code\jfreechart-master\src\main\java\org\jfree\chart\renderer\category\LayeredBarRenderer.java
jfreechart-master,C:\Users\simon\Documents\Code\thesis-code\jfreechart-master\src\test\java\org\jfree\chart\renderer\category\LevelRendererTest.java,C:\Users\simon\Documents\Code\thesis-code\jfreechart-master\src\main\java\org\jfree\chart\renderer\category\LevelRenderer.java
jfreechart-master,C:\Users\simon\Documents\Code\thesis-code\jfreechart-master\src\test\java\org\jfree\chart\renderer\category\LineAndShapeRendererTest.java,C:\Users\simon\Documents\Code\thesis-code\jfreechart-master\src\main\java\org\jfree\chart\renderer\category\LineAndShapeRenderer.java
jfreechart-master,C:\Users\simon\Documents\Code\thesis-code\jfreechart-master\src\test\java\org\jfree\chart\renderer\category\MinMaxCategoryRendererTest.java,C:\Users\simon\Documents\Code\thesis-code\jfreechart-master\src\main\java\org\jfree\chart\renderer\category\MinMaxCategoryRenderer.java
jfreechart-master,C:\Users\simon\Documents\Code\thesis-code\jfreechart-master\src\test\java\org\jfree\chart\renderer\category\ScatterRendererTest.java,C:\Users\simon\Documents\Code\thesis-code\jfreechart-master\src\main\java\org\jfree\chart\renderer\category\ScatterRenderer.java
jfreechart-master,C:\Users\simon\Documents\Code\thesis-code\jfreechart-master\src\test\java\org\jfree\chart\renderer\category\StackedAreaRendererTest.java,C:\Users\simon\Documents\Code\thesis-code\jfreechart-master\src\main\java\org\jfree\chart\renderer\category\StackedAreaRenderer.java
jfreechart-master,C:\Users\simon\Documents\Code\thesis-code\jfreechart-master\src\test\java\org\jfree\chart\renderer\category\StackedBarRendererTest.java,C:\Users\simon\Documents\Code\thesis-code\jfreechart-master\src\main\java\org\jfree\chart\renderer\category\StackedBarRenderer.java
jfreechart-master,C:\Users\simon\Documents\Code\thesis-code\jfreechart-master\src\test\java\org\jfree\chart\renderer\category\StandardBarPainterTest.java,C:\Users\simon\Documents\Code\thesis-code\jfreechart-master\src\main\java\org\jfree\chart\renderer\category\StandardBarPainter.java
jfreechart-master,C:\Users\simon\Documents\Code\thesis-code\jfreechart-master\src\test\java\org\jfree\chart\renderer\category\StatisticalBarRendererTest.java,C:\Users\simon\Documents\Code\thesis-code\jfreechart-master\src\main\java\org\jfree\chart\renderer\category\StatisticalBarRenderer.java
jfreechart-master,C:\Users\simon\Documents\Code\thesis-code\jfreechart-master\src\test\java\org\jfree\chart\renderer\category\StatisticalLineAndShapeRendererTest.java,C:\Users\simon\Documents\Code\thesis-code\jfreechart-master\src\main\java\org\jfree\chart\renderer\category\StatisticalLineAndShapeRenderer.java
jfreechart-master,C:\Users\simon\Documents\Code\thesis-code\jfreechart-master\src\test\java\org\jfree\chart\renderer\category\WaterfallBarRendererTest.java,C:\Users\simon\Documents\Code\thesis-code\jfreechart-master\src\main\java\org\jfree\chart\renderer\category\WaterfallBarRenderer.java
jfreechart-master,C:\Users\simon\Documents\Code\thesis-code\jfreechart-master\src\test\java\org\jfree\chart\renderer\DefaultPolarItemRendererTest.java,C:\Users\simon\Documents\Code\thesis-code\jfreechart-master\src\main\java\org\jfree\chart\renderer\DefaultPolarItemRenderer.java
jfreechart-master,C:\Users\simon\Documents\Code\thesis-code\jfreechart-master\src\test\java\org\jfree\chart\renderer\GrayPaintScaleTest.java,C:\Users\simon\Documents\Code\thesis-code\jfreechart-master\src\main\java\org\jfree\chart\renderer\GrayPaintScale.java
jfreechart-master,C:\Users\simon\Documents\Code\thesis-code\jfreechart-master\src\test\java\org\jfree\chart\renderer\LookupPaintScaleTest.java,C:\Users\simon\Documents\Code\thesis-code\jfreechart-master\src\main\java\org\jfree\chart\renderer\LookupPaintScale.java
jfreechart-master,C:\Users\simon\Documents\Code\thesis-code\jfreechart-master\src\test\java\org\jfree\chart\renderer\OutlierTest.java,C:\Users\simon\Documents\Code\thesis-code\jfreechart-master\src\main\java\org\jfree\chart\renderer\Outlier.java
jfreechart-master,C:\Users\simon\Documents\Code\thesis-code\jfreechart-master\src\test\java\org\jfree\chart\renderer\RendererUtilsTest.java,C:\Users\simon\Documents\Code\thesis-code\jfreechart-master\src\main\java\org\jfree\chart\renderer\RendererUtils.java
jfreechart-master,C:\Users\simon\Documents\Code\thesis-code\jfreechart-master\src\test\java\org\jfree\chart\renderer\xy\AbstractXYItemRendererTest.java,C:\Users\simon\Documents\Code\thesis-code\jfreechart-master\src\main\java\org\jfree\chart\renderer\xy\AbstractXYItemRenderer.java
jfreechart-master,C:\Users\simon\Documents\Code\thesis-code\jfreechart-master\src\test\java\org\jfree\chart\renderer\xy\CandlestickRendererTest.java,C:\Users\simon\Documents\Code\thesis-code\jfreechart-master\src\main\java\org\jfree\chart\renderer\xy\CandlestickRenderer.java
jfreechart-master,C:\Users\simon\Documents\Code\thesis-code\jfreechart-master\src\test\java\org\jfree\chart\renderer\xy\ClusteredXYBarRendererTest.java,C:\Users\simon\Documents\Code\thesis-code\jfreechart-master\src\main\java\org\jfree\chart\renderer\xy\ClusteredXYBarRenderer.java
jfreechart-master,C:\Users\simon\Documents\Code\thesis-code\jfreechart-master\src\test\java\org\jfree\chart\renderer\xy\DeviationRendererTest.java,C:\Users\simon\Documents\Code\thesis-code\jfreechart-master\src\main\java\org\jfree\chart\renderer\xy\DeviationRenderer.java
jfreechart-master,C:\Users\simon\Documents\Code\thesis-code\jfreechart-master\src\test\java\org\jfree\chart\renderer\xy\DeviationStepRendererTest.java,C:\Users\simon\Documents\Code\thesis-code\jfreechart-master\src\main\java\org\jfree\chart\renderer\xy\DeviationStepRenderer.java
jfreechart-master,C:\Users\simon\Documents\Code\thesis-code\jfreechart-master\src\test\java\org\jfree\chart\renderer\xy\GradientXYBarPainterTest.java,C:\Users\simon\Documents\Code\thesis-code\jfreechart-master\src\main\java\org\jfree\chart\renderer\xy\GradientXYBarPainter.java
jfreechart-master,C:\Users\simon\Documents\Code\thesis-code\jfreechart-master\src\test\java\org\jfree\chart\renderer\xy\HighLowRendererTest.java,C:\Users\simon\Documents\Code\thesis-code\jfreechart-master\src\main\java\org\jfree\chart\renderer\xy\HighLowRenderer.java
jfreechart-master,C:\Users\simon\Documents\Code\thesis-code\jfreechart-master\src\test\java\org\jfree\chart\renderer\xy\StackedXYAreaRenderer2Test.java,C:\Users\simon\Documents\Code\thesis-code\jfreechart-master\src\main\java\org\jfree\chart\renderer\xy\StackedXYAreaRenderer2.java
jfreechart-master,C:\Users\simon\Documents\Code\thesis-code\jfreechart-master\src\test\java\org\jfree\chart\renderer\xy\StackedXYAreaRendererTest.java,C:\Users\simon\Documents\Code\thesis-code\jfreechart-master\src\main\java\org\jfree\chart\renderer\xy\StackedXYAreaRenderer.java
jfreechart-master,C:\Users\simon\Documents\Code\thesis-code\jfreechart-master\src\test\java\org\jfree\chart\renderer\xy\StackedXYBarRendererTest.java,C:\Users\simon\Documents\Code\thesis-code\jfreechart-master\src\main\java\org\jfree\chart\renderer\xy\StackedXYBarRenderer.java
jfreechart-master,C:\Users\simon\Documents\Code\thesis-code\jfreechart-master\src\test\java\org\jfree\chart\renderer\xy\StandardXYBarPainterTest.java,C:\Users\simon\Documents\Code\thesis-code\jfreechart-master\src\main\java\org\jfree\chart\renderer\xy\StandardXYBarPainter.java
jfreechart-master,C:\Users\simon\Documents\Code\thesis-code\jfreechart-master\src\test\java\org\jfree\chart\renderer\xy\StandardXYItemRendererTest.java,C:\Users\simon\Documents\Code\thesis-code\jfreechart-master\src\main\java\org\jfree\chart\renderer\xy\StandardXYItemRenderer.java
jfreechart-master,C:\Users\simon\Documents\Code\thesis-code\jfreechart-master\src\test\java\org\jfree\chart\renderer\xy\VectorRendererTest.java,C:\Users\simon\Documents\Code\thesis-code\jfreechart-master\src\main\java\org\jfree\chart\renderer\xy\VectorRenderer.java
jfreechart-master,C:\Users\simon\Documents\Code\thesis-code\jfreechart-master\src\test\java\org\jfree\chart\renderer\xy\WindItemRendererTest.java,C:\Users\simon\Documents\Code\thesis-code\jfreechart-master\src\main\java\org\jfree\chart\renderer\xy\WindItemRenderer.java
jfreechart-master,C:\Users\simon\Documents\Code\thesis-code\jfreechart-master\src\test\java\org\jfree\chart\renderer\xy\XYAreaRenderer2Test.java,C:\Users\simon\Documents\Code\thesis-code\jfreechart-master\src\main\java\org\jfree\chart\renderer\xy\XYAreaRenderer2.java
jfreechart-master,C:\Users\simon\Documents\Code\thesis-code\jfreechart-master\src\test\java\org\jfree\chart\renderer\xy\XYAreaRendererTest.java,C:\Users\simon\Documents\Code\thesis-code\jfreechart-master\src\main\java\org\jfree\chart\renderer\xy\XYAreaRenderer.java
jfreechart-master,C:\Users\simon\Documents\Code\thesis-code\jfreechart-master\src\test\java\org\jfree\chart\renderer\xy\XYBarRendererTest.java,C:\Users\simon\Documents\Code\thesis-code\jfreechart-master\src\main\java\org\jfree\chart\renderer\xy\XYBarRenderer.java
jfreechart-master,C:\Users\simon\Documents\Code\thesis-code\jfreechart-master\src\test\java\org\jfree\chart\renderer\xy\XYBezierRendererTest.java,C:\Users\simon\Documents\Code\thesis-code\jfreechart-master\src\main\java\org\jfree\chart\renderer\xy\XYBezierRenderer.java
jfreechart-master,C:\Users\simon\Documents\Code\thesis-code\jfreechart-master\src\test\java\org\jfree\chart\renderer\xy\XYBlockRendererTest.java,C:\Users\simon\Documents\Code\thesis-code\jfreechart-master\src\main\java\org\jfree\chart\renderer\xy\XYBlockRenderer.java
jfreechart-master,C:\Users\simon\Documents\Code\thesis-code\jfreechart-master\src\test\java\org\jfree\chart\renderer\xy\XYBoxAndWhiskerRendererTest.java,C:\Users\simon\Documents\Code\thesis-code\jfreechart-master\src\main\java\org\jfree\chart\renderer\xy\XYBoxAndWhiskerRenderer.java
jfreechart-master,C:\Users\simon\Documents\Code\thesis-code\jfreechart-master\src\test\java\org\jfree\chart\renderer\xy\XYBubbleRendererTest.java,C:\Users\simon\Documents\Code\thesis-code\jfreechart-master\src\main\java\org\jfree\chart\renderer\xy\XYBubbleRenderer.java
jfreechart-master,C:\Users\simon\Documents\Code\thesis-code\jfreechart-master\src\test\java\org\jfree\chart\renderer\xy\XYDifferenceRendererTest.java,C:\Users\simon\Documents\Code\thesis-code\jfreechart-master\src\main\java\org\jfree\chart\renderer\xy\XYDifferenceRenderer.java
jfreechart-master,C:\Users\simon\Documents\Code\thesis-code\jfreechart-master\src\test\java\org\jfree\chart\renderer\xy\XYDotRendererTest.java,C:\Users\simon\Documents\Code\thesis-code\jfreechart-master\src\main\java\org\jfree\chart\renderer\xy\XYDotRenderer.java
jfreechart-master,C:\Users\simon\Documents\Code\thesis-code\jfreechart-master\src\test\java\org\jfree\chart\renderer\xy\XYErrorRendererTest.java,C:\Users\simon\Documents\Code\thesis-code\jfreechart-master\src\main\java\org\jfree\chart\renderer\xy\XYErrorRenderer.java
jfreechart-master,C:\Users\simon\Documents\Code\thesis-code\jfreechart-master\src\test\java\org\jfree\chart\renderer\xy\XYLineAndShapeRendererTest.java,C:\Users\simon\Documents\Code\thesis-code\jfreechart-master\src\main\java\org\jfree\chart\renderer\xy\XYLineAndShapeRenderer.java
jfreechart-master,C:\Users\simon\Documents\Code\thesis-code\jfreechart-master\src\test\java\org\jfree\chart\renderer\xy\XYShapeRendererTest.java,C:\Users\simon\Documents\Code\thesis-code\jfreechart-master\src\main\java\org\jfree\chart\renderer\xy\XYShapeRenderer.java
jfreechart-master,C:\Users\simon\Documents\Code\thesis-code\jfreechart-master\src\test\java\org\jfree\chart\renderer\xy\XYSplineRendererTest.java,C:\Users\simon\Documents\Code\thesis-code\jfreechart-master\src\main\java\org\jfree\chart\renderer\xy\XYSplineRenderer.java
jfreechart-master,C:\Users\simon\Documents\Code\thesis-code\jfreechart-master\src\test\java\org\jfree\chart\renderer\xy\XYStepAreaRendererTest.java,C:\Users\simon\Documents\Code\thesis-code\jfreechart-master\src\main\java\org\jfree\chart\renderer\xy\XYStepAreaRenderer.java
jfreechart-master,C:\Users\simon\Documents\Code\thesis-code\jfreechart-master\src\test\java\org\jfree\chart\renderer\xy\XYStepRendererTest.java,C:\Users\simon\Documents\Code\thesis-code\jfreechart-master\src\main\java\org\jfree\chart\renderer\xy\XYStepRenderer.java
jfreechart-master,C:\Users\simon\Documents\Code\thesis-code\jfreechart-master\src\test\java\org\jfree\chart\renderer\xy\YIntervalRendererTest.java,C:\Users\simon\Documents\Code\thesis-code\jfreechart-master\src\main\java\org\jfree\chart\renderer\xy\YIntervalRenderer.java
jfreechart-master,C:\Users\simon\Documents\Code\thesis-code\jfreechart-master\src\test\java\org\jfree\chart\ScatterPlotTest.java,
jfreechart-master,C:\Users\simon\Documents\Code\thesis-code\jfreechart-master\src\test\java\org\jfree\chart\StackedAreaChartTest.java,
jfreechart-master,C:\Users\simon\Documents\Code\thesis-code\jfreechart-master\src\test\java\org\jfree\chart\StackedBarChartTest.java,
jfreechart-master,C:\Users\simon\Documents\Code\thesis-code\jfreechart-master\src\test\java\org\jfree\chart\StandardChartThemeTest.java,C:\Users\simon\Documents\Code\thesis-code\jfreechart-master\src\main\java\org\jfree\chart\StandardChartTheme.java
jfreechart-master,C:\Users\simon\Documents\Code\thesis-code\jfreechart-master\src\test\java\org\jfree\chart\swing\ChartPanelTest.java,C:\Users\simon\Documents\Code\thesis-code\jfreechart-master\src\main\java\org\jfree\chart\swing\ChartPanel.java
jfreechart-master,C:\Users\simon\Documents\Code\thesis-code\jfreechart-master\src\test\java\org\jfree\chart\swing\CrosshairOverlayTest.java,C:\Users\simon\Documents\Code\thesis-code\jfreechart-master\src\main\java\org\jfree\chart\swing\CrosshairOverlay.java
jfreechart-master,C:\Users\simon\Documents\Code\thesis-code\jfreechart-master\src\test\java\org\jfree\chart\TestUtils.java,
jfreechart-master,C:\Users\simon\Documents\Code\thesis-code\jfreechart-master\src\test\java\org\jfree\chart\text\format\HMSNumberFormatTest.java,C:\Users\simon\Documents\Code\thesis-code\jfreechart-master\src\main\java\org\jfree\chart\text\format\HMSNumberFormat.java
jfreechart-master,C:\Users\simon\Documents\Code\thesis-code\jfreechart-master\src\test\java\org\jfree\chart\text\format\LogFormatTest.java,C:\Users\simon\Documents\Code\thesis-code\jfreechart-master\src\main\java\org\jfree\chart\text\format\LogFormat.java
jfreechart-master,C:\Users\simon\Documents\Code\thesis-code\jfreechart-master\src\test\java\org\jfree\chart\text\format\RelativeDateFormatTest.java,C:\Users\simon\Documents\Code\thesis-code\jfreechart-master\src\main\java\org\jfree\chart\text\format\RelativeDateFormat.java
jfreechart-master,C:\Users\simon\Documents\Code\thesis-code\jfreechart-master\src\test\java\org\jfree\chart\TimeSeriesChartTest.java,
jfreechart-master,C:\Users\simon\Documents\Code\thesis-code\jfreechart-master\src\test\java\org\jfree\chart\title\CompositeTitleTest.java,C:\Users\simon\Documents\Code\thesis-code\jfreechart-master\src\main\java\org\jfree\chart\title\CompositeTitle.java
jfreechart-master,C:\Users\simon\Documents\Code\thesis-code\jfreechart-master\src\test\java\org\jfree\chart\title\DateTitleTest.java,C:\Users\simon\Documents\Code\thesis-code\jfreechart-master\src\main\java\org\jfree\chart\title\DateTitle.java
jfreechart-master,C:\Users\simon\Documents\Code\thesis-code\jfreechart-master\src\test\java\org\jfree\chart\title\ImageTitleTest.java,C:\Users\simon\Documents\Code\thesis-code\jfreechart-master\src\main\java\org\jfree\chart\title\ImageTitle.java
jfreechart-master,C:\Users\simon\Documents\Code\thesis-code\jfreechart-master\src\test\java\org\jfree\chart\title\ShortTextTitleTest.java,C:\Users\simon\Documents\Code\thesis-code\jfreechart-master\src\main\java\org\jfree\chart\title\ShortTextTitle.java
jfreechart-master,C:\Users\simon\Documents\Code\thesis-code\jfreechart-master\src\test\java\org\jfree\chart\title\TextTitleTest.java,C:\Users\simon\Documents\Code\thesis-code\jfreechart-master\src\main\java\org\jfree\chart\title\TextTitle.java
jfreechart-master,C:\Users\simon\Documents\Code\thesis-code\jfreechart-master\src\test\java\org\jfree\chart\title\TitleTest.java,C:\Users\simon\Documents\Code\thesis-code\jfreechart-master\src\main\java\org\jfree\chart\title\Title.java
jfreechart-master,C:\Users\simon\Documents\Code\thesis-code\jfreechart-master\src\test\java\org\jfree\chart\urls\CustomCategoryURLGeneratorTest.java,C:\Users\simon\Documents\Code\thesis-code\jfreechart-master\src\main\java\org\jfree\chart\urls\CustomCategoryURLGenerator.java
jfreechart-master,C:\Users\simon\Documents\Code\thesis-code\jfreechart-master\src\test\java\org\jfree\chart\urls\CustomPieURLGeneratorTest.java,C:\Users\simon\Documents\Code\thesis-code\jfreechart-master\src\main\java\org\jfree\chart\urls\CustomPieURLGenerator.java
jfreechart-master,C:\Users\simon\Documents\Code\thesis-code\jfreechart-master\src\test\java\org\jfree\chart\urls\CustomXYURLGeneratorTest.java,C:\Users\simon\Documents\Code\thesis-code\jfreechart-master\src\main\java\org\jfree\chart\urls\CustomXYURLGenerator.java
jfreechart-master,C:\Users\simon\Documents\Code\thesis-code\jfreechart-master\src\test\java\org\jfree\chart\urls\StandardCategoryURLGeneratorTest.java,C:\Users\simon\Documents\Code\thesis-code\jfreechart-master\src\main\java\org\jfree\chart\urls\StandardCategoryURLGenerator.java
jfreechart-master,C:\Users\simon\Documents\Code\thesis-code\jfreechart-master\src\test\java\org\jfree\chart\urls\StandardPieURLGeneratorTest.java,C:\Users\simon\Documents\Code\thesis-code\jfreechart-master\src\main\java\org\jfree\chart\urls\StandardPieURLGenerator.java
jfreechart-master,C:\Users\simon\Documents\Code\thesis-code\jfreechart-master\src\test\java\org\jfree\chart\urls\StandardXYURLGeneratorTest.java,C:\Users\simon\Documents\Code\thesis-code\jfreechart-master\src\main\java\org\jfree\chart\urls\StandardXYURLGenerator.java
jfreechart-master,C:\Users\simon\Documents\Code\thesis-code\jfreechart-master\src\test\java\org\jfree\chart\urls\TimeSeriesURLGeneratorTest.java,C:\Users\simon\Documents\Code\thesis-code\jfreechart-master\src\main\java\org\jfree\chart\urls\TimeSeriesURLGenerator.java
jfreechart-master,C:\Users\simon\Documents\Code\thesis-code\jfreechart-master\src\test\java\org\jfree\chart\WaterfallChartTest.java,
jfreechart-master,C:\Users\simon\Documents\Code\thesis-code\jfreechart-master\src\test\java\org\jfree\chart\XYAreaChartTest.java,
jfreechart-master,C:\Users\simon\Documents\Code\thesis-code\jfreechart-master\src\test\java\org\jfree\chart\XYBarChartTest.java,
jfreechart-master,C:\Users\simon\Documents\Code\thesis-code\jfreechart-master\src\test\java\org\jfree\chart\XYLineChartTest.java,
jfreechart-master,C:\Users\simon\Documents\Code\thesis-code\jfreechart-master\src\test\java\org\jfree\chart\XYStepAreaChartTest.java,
jfreechart-master,C:\Users\simon\Documents\Code\thesis-code\jfreechart-master\src\test\java\org\jfree\chart\XYStepChartTest.java,
jfreechart-master,C:\Users\simon\Documents\Code\thesis-code\jfreechart-master\src\test\java\org\jfree\data\category\CategoryToPieDatasetTest.java,C:\Users\simon\Documents\Code\thesis-code\jfreechart-master\src\main\java\org\jfree\data\category\CategoryToPieDataset.java
jfreechart-master,C:\Users\simon\Documents\Code\thesis-code\jfreechart-master\src\test\java\org\jfree\data\category\DefaultCategoryDatasetTest.java,C:\Users\simon\Documents\Code\thesis-code\jfreechart-master\src\main\java\org\jfree\data\category\DefaultCategoryDataset.java
jfreechart-master,C:\Users\simon\Documents\Code\thesis-code\jfreechart-master\src\test\java\org\jfree\data\category\DefaultIntervalCategoryDatasetTest.java,C:\Users\simon\Documents\Code\thesis-code\jfreechart-master\src\main\java\org\jfree\data\category\DefaultIntervalCategoryDataset.java
jfreechart-master,C:\Users\simon\Documents\Code\thesis-code\jfreechart-master\src\test\java\org\jfree\data\category\SlidingCategoryDatasetTest.java,C:\Users\simon\Documents\Code\thesis-code\jfreechart-master\src\main\java\org\jfree\data\category\SlidingCategoryDataset.java
jfreechart-master,C:\Users\simon\Documents\Code\thesis-code\jfreechart-master\src\test\java\org\jfree\data\ComparableObjectItemTest.java,C:\Users\simon\Documents\Code\thesis-code\jfreechart-master\src\main\java\org\jfree\data\ComparableObjectItem.java
jfreechart-master,C:\Users\simon\Documents\Code\thesis-code\jfreechart-master\src\test\java\org\jfree\data\ComparableObjectSeriesTest.java,C:\Users\simon\Documents\Code\thesis-code\jfreechart-master\src\main\java\org\jfree\data\ComparableObjectSeries.java
jfreechart-master,C:\Users\simon\Documents\Code\thesis-code\jfreechart-master\src\test\java\org\jfree\data\DataUtilsTest.java,C:\Users\simon\Documents\Code\thesis-code\jfreechart-master\src\main\java\org\jfree\data\DataUtils.java
jfreechart-master,C:\Users\simon\Documents\Code\thesis-code\jfreechart-master\src\test\java\org\jfree\data\DefaultKeyedValues2DTest.java,C:\Users\simon\Documents\Code\thesis-code\jfreechart-master\src\main\java\org\jfree\data\DefaultKeyedValues2D.java
jfreechart-master,C:\Users\simon\Documents\Code\thesis-code\jfreechart-master\src\test\java\org\jfree\data\DefaultKeyedValuesTest.java,C:\Users\simon\Documents\Code\thesis-code\jfreechart-master\src\main\java\org\jfree\data\DefaultKeyedValues.java
jfreechart-master,C:\Users\simon\Documents\Code\thesis-code\jfreechart-master\src\test\java\org\jfree\data\DefaultKeyedValueTest.java,C:\Users\simon\Documents\Code\thesis-code\jfreechart-master\src\main\java\org\jfree\data\DefaultKeyedValue.java
jfreechart-master,C:\Users\simon\Documents\Code\thesis-code\jfreechart-master\src\test\java\org\jfree\data\DomainOrderTest.java,C:\Users\simon\Documents\Code\thesis-code\jfreechart-master\src\main\java\org\jfree\data\DomainOrder.java
jfreechart-master,C:\Users\simon\Documents\Code\thesis-code\jfreechart-master\src\test\java\org\jfree\data\flow\DefaultFlowDatasetTest.java,C:\Users\simon\Documents\Code\thesis-code\jfreechart-master\src\main\java\org\jfree\data\flow\DefaultFlowDataset.java
jfreechart-master,C:\Users\simon\Documents\Code\thesis-code\jfreechart-master\src\test\java\org\jfree\data\flow\FlowKeyTest.java,C:\Users\simon\Documents\Code\thesis-code\jfreechart-master\src\main\java\org\jfree\data\flow\FlowKey.java
jfreechart-master,C:\Users\simon\Documents\Code\thesis-code\jfreechart-master\src\test\java\org\jfree\data\flow\NodeKeyTest.java,C:\Users\simon\Documents\Code\thesis-code\jfreechart-master\src\main\java\org\jfree\data\flow\NodeKey.java
jfreechart-master,C:\Users\simon\Documents\Code\thesis-code\jfreechart-master\src\test\java\org\jfree\data\function\LineFunction2DTest.java,C:\Users\simon\Documents\Code\thesis-code\jfreechart-master\src\main\java\org\jfree\data\function\LineFunction2D.java
jfreechart-master,C:\Users\simon\Documents\Code\thesis-code\jfreechart-master\src\test\java\org\jfree\data\function\NormalDistributionFunction2DTest.java,C:\Users\simon\Documents\Code\thesis-code\jfreechart-master\src\main\java\org\jfree\data\function\NormalDistributionFunction2D.java
jfreechart-master,C:\Users\simon\Documents\Code\thesis-code\jfreechart-master\src\test\java\org\jfree\data\function\PolynomialFunction2DTest.java,C:\Users\simon\Documents\Code\thesis-code\jfreechart-master\src\main\java\org\jfree\data\function\PolynomialFunction2D.java
jfreechart-master,C:\Users\simon\Documents\Code\thesis-code\jfreechart-master\src\test\java\org\jfree\data\function\PowerFunction2DTest.java,C:\Users\simon\Documents\Code\thesis-code\jfreechart-master\src\main\java\org\jfree\data\function\PowerFunction2D.java
jfreechart-master,C:\Users\simon\Documents\Code\thesis-code\jfreechart-master\src\test\java\org\jfree\data\gantt\SlidingGanttCategoryDatasetTest.java,C:\Users\simon\Documents\Code\thesis-code\jfreechart-master\src\main\java\org\jfree\data\gantt\SlidingGanttCategoryDataset.java
jfreechart-master,C:\Users\simon\Documents\Code\thesis-code\jfreechart-master\src\test\java\org\jfree\data\gantt\TaskSeriesCollectionTest.java,C:\Users\simon\Documents\Code\thesis-code\jfreechart-master\src\main\java\org\jfree\data\gantt\TaskSeriesCollection.java
jfreechart-master,C:\Users\simon\Documents\Code\thesis-code\jfreechart-master\src\test\java\org\jfree\data\gantt\TaskSeriesTest.java,C:\Users\simon\Documents\Code\thesis-code\jfreechart-master\src\main\java\org\jfree\data\gantt\TaskSeries.java
jfreechart-master,C:\Users\simon\Documents\Code\thesis-code\jfreechart-master\src\test\java\org\jfree\data\gantt\TaskTest.java,C:\Users\simon\Documents\Code\thesis-code\jfreechart-master\src\main\java\org\jfree\data\gantt\Task.java
jfreechart-master,C:\Users\simon\Documents\Code\thesis-code\jfreechart-master\src\test\java\org\jfree\data\gantt\XYTaskDatasetTest.java,C:\Users\simon\Documents\Code\thesis-code\jfreechart-master\src\main\java\org\jfree\data\gantt\XYTaskDataset.java
jfreechart-master,C:\Users\simon\Documents\Code\thesis-code\jfreechart-master\src\test\java\org\jfree\data\general\DatasetUtilsTest.java,C:\Users\simon\Documents\Code\thesis-code\jfreechart-master\src\main\java\org\jfree\data\general\DatasetUtils.java
jfreechart-master,C:\Users\simon\Documents\Code\thesis-code\jfreechart-master\src\test\java\org\jfree\data\general\DefaultHeatMapDatasetTest.java,C:\Users\simon\Documents\Code\thesis-code\jfreechart-master\src\main\java\org\jfree\data\general\DefaultHeatMapDataset.java
jfreechart-master,C:\Users\simon\Documents\Code\thesis-code\jfreechart-master\src\test\java\org\jfree\data\general\DefaultKeyedValueDatasetTest.java,C:\Users\simon\Documents\Code\thesis-code\jfreechart-master\src\main\java\org\jfree\data\general\DefaultKeyedValueDataset.java
jfreechart-master,C:\Users\simon\Documents\Code\thesis-code\jfreechart-master\src\test\java\org\jfree\data\general\DefaultKeyedValues2DDatasetTest.java,C:\Users\simon\Documents\Code\thesis-code\jfreechart-master\src\main\java\org\jfree\data\general\DefaultKeyedValues2DDataset.java
jfreechart-master,C:\Users\simon\Documents\Code\thesis-code\jfreechart-master\src\test\java\org\jfree\data\general\DefaultKeyedValuesDatasetTest.java,C:\Users\simon\Documents\Code\thesis-code\jfreechart-master\src\main\java\org\jfree\data\general\DefaultKeyedValuesDataset.java
jfreechart-master,C:\Users\simon\Documents\Code\thesis-code\jfreechart-master\src\test\java\org\jfree\data\general\DefaultPieDatasetTest.java,C:\Users\simon\Documents\Code\thesis-code\jfreechart-master\src\main\java\org\jfree\data\general\DefaultPieDataset.java
jfreechart-master,C:\Users\simon\Documents\Code\thesis-code\jfreechart-master\src\test\java\org\jfree\data\general\TestIntervalCategoryDataset.java,
jfreechart-master,C:\Users\simon\Documents\Code\thesis-code\jfreechart-master\src\test\java\org\jfree\data\general\TestIntervalXYZDataset.java,
jfreechart-master,C:\Users\simon\Documents\Code\thesis-code\jfreechart-master\src\test\java\org\jfree\data\KeyedObjects2DTest.java,C:\Users\simon\Documents\Code\thesis-code\jfreechart-master\src\main\java\org\jfree\data\KeyedObjects2D.java
jfreechart-master,C:\Users\simon\Documents\Code\thesis-code\jfreechart-master\src\test\java\org\jfree\data\KeyedObjectsTest.java,C:\Users\simon\Documents\Code\thesis-code\jfreechart-master\src\main\java\org\jfree\data\KeyedObjects.java
jfreechart-master,C:\Users\simon\Documents\Code\thesis-code\jfreechart-master\src\test\java\org\jfree\data\KeyedObjectTest.java,C:\Users\simon\Documents\Code\thesis-code\jfreechart-master\src\main\java\org\jfree\data\KeyedObject.java
jfreechart-master,C:\Users\simon\Documents\Code\thesis-code\jfreechart-master\src\test\java\org\jfree\data\KeyToGroupMapTest.java,C:\Users\simon\Documents\Code\thesis-code\jfreechart-master\src\main\java\org\jfree\data\KeyToGroupMap.java
jfreechart-master,C:\Users\simon\Documents\Code\thesis-code\jfreechart-master\src\test\java\org\jfree\data\RangeTest.java,C:\Users\simon\Documents\Code\thesis-code\jfreechart-master\src\main\java\org\jfree\data\Range.java
jfreechart-master,C:\Users\simon\Documents\Code\thesis-code\jfreechart-master\src\test\java\org\jfree\data\RangeTypeTest.java,C:\Users\simon\Documents\Code\thesis-code\jfreechart-master\src\main\java\org\jfree\data\RangeType.java
jfreechart-master,C:\Users\simon\Documents\Code\thesis-code\jfreechart-master\src\test\java\org\jfree\data\statistics\BoxAndWhiskerCalculatorTest.java,C:\Users\simon\Documents\Code\thesis-code\jfreechart-master\src\main\java\org\jfree\data\statistics\BoxAndWhiskerCalculator.java
jfreechart-master,C:\Users\simon\Documents\Code\thesis-code\jfreechart-master\src\test\java\org\jfree\data\statistics\BoxAndWhiskerItemTest.java,C:\Users\simon\Documents\Code\thesis-code\jfreechart-master\src\main\java\org\jfree\data\statistics\BoxAndWhiskerItem.java
jfreechart-master,C:\Users\simon\Documents\Code\thesis-code\jfreechart-master\src\test\java\org\jfree\data\statistics\DefaultBoxAndWhiskerCategoryDatasetTest.java,C:\Users\simon\Documents\Code\thesis-code\jfreechart-master\src\main\java\org\jfree\data\statistics\DefaultBoxAndWhiskerCategoryDataset.java
jfreechart-master,C:\Users\simon\Documents\Code\thesis-code\jfreechart-master\src\test\java\org\jfree\data\statistics\DefaultBoxAndWhiskerXYDatasetTest.java,C:\Users\simon\Documents\Code\thesis-code\jfreechart-master\src\main\java\org\jfree\data\statistics\DefaultBoxAndWhiskerXYDataset.java
jfreechart-master,C:\Users\simon\Documents\Code\thesis-code\jfreechart-master\src\test\java\org\jfree\data\statistics\DefaultMultiValueCategoryDatasetTest.java,C:\Users\simon\Documents\Code\thesis-code\jfreechart-master\src\main\java\org\jfree\data\statistics\DefaultMultiValueCategoryDataset.java
jfreechart-master,C:\Users\simon\Documents\Code\thesis-code\jfreechart-master\src\test\java\org\jfree\data\statistics\DefaultStatisticalCategoryDatasetTest.java,C:\Users\simon\Documents\Code\thesis-code\jfreechart-master\src\main\java\org\jfree\data\statistics\DefaultStatisticalCategoryDataset.java
jfreechart-master,C:\Users\simon\Documents\Code\thesis-code\jfreechart-master\src\test\java\org\jfree\data\statistics\HistogramBinTest.java,C:\Users\simon\Documents\Code\thesis-code\jfreechart-master\src\main\java\org\jfree\data\statistics\HistogramBin.java
jfreechart-master,C:\Users\simon\Documents\Code\thesis-code\jfreechart-master\src\test\java\org\jfree\data\statistics\HistogramDatasetTest.java,C:\Users\simon\Documents\Code\thesis-code\jfreechart-master\src\main\java\org\jfree\data\statistics\HistogramDataset.java
jfreechart-master,C:\Users\simon\Documents\Code\thesis-code\jfreechart-master\src\test\java\org\jfree\data\statistics\MeanAndStandardDeviationTest.java,C:\Users\simon\Documents\Code\thesis-code\jfreechart-master\src\main\java\org\jfree\data\statistics\MeanAndStandardDeviation.java
jfreechart-master,C:\Users\simon\Documents\Code\thesis-code\jfreechart-master\src\test\java\org\jfree\data\statistics\RegressionTest.java,C:\Users\simon\Documents\Code\thesis-code\jfreechart-master\src\main\java\org\jfree\data\statistics\Regression.java
jfreechart-master,C:\Users\simon\Documents\Code\thesis-code\jfreechart-master\src\test\java\org\jfree\data\statistics\SimpleHistogramBinTest.java,C:\Users\simon\Documents\Code\thesis-code\jfreechart-master\src\main\java\org\jfree\data\statistics\SimpleHistogramBin.java
jfreechart-master,C:\Users\simon\Documents\Code\thesis-code\jfreechart-master\src\test\java\org\jfree\data\statistics\SimpleHistogramDatasetTest.java,C:\Users\simon\Documents\Code\thesis-code\jfreechart-master\src\main\java\org\jfree\data\statistics\SimpleHistogramDataset.java
jfreechart-master,C:\Users\simon\Documents\Code\thesis-code\jfreechart-master\src\test\java\org\jfree\data\statistics\StatisticsTest.java,C:\Users\simon\Documents\Code\thesis-code\jfreechart-master\src\main\java\org\jfree\data\statistics\Statistics.java
jfreechart-master,C:\Users\simon\Documents\Code\thesis-code\jfreechart-master\src\test\java\org\jfree\data\time\DateRangeTest.java,C:\Users\simon\Documents\Code\thesis-code\jfreechart-master\src\main\java\org\jfree\data\time\DateRange.java
jfreechart-master,C:\Users\simon\Documents\Code\thesis-code\jfreechart-master\src\test\java\org\jfree\data\time\DayTest.java,C:\Users\simon\Documents\Code\thesis-code\jfreechart-master\src\main\java\org\jfree\data\time\Day.java
jfreechart-master,C:\Users\simon\Documents\Code\thesis-code\jfreechart-master\src\test\java\org\jfree\data\time\FixedMillisecondTest.java,C:\Users\simon\Documents\Code\thesis-code\jfreechart-master\src\main\java\org\jfree\data\time\FixedMillisecond.java
jfreechart-master,C:\Users\simon\Documents\Code\thesis-code\jfreechart-master\src\test\java\org\jfree\data\time\HourTest.java,C:\Users\simon\Documents\Code\thesis-code\jfreechart-master\src\main\java\org\jfree\data\time\Hour.java
jfreechart-master,C:\Users\simon\Documents\Code\thesis-code\jfreechart-master\src\test\java\org\jfree\data\time\MillisecondTest.java,C:\Users\simon\Documents\Code\thesis-code\jfreechart-master\src\main\java\org\jfree\data\time\Millisecond.java
jfreechart-master,C:\Users\simon\Documents\Code\thesis-code\jfreechart-master\src\test\java\org\jfree\data\time\MinuteTest.java,C:\Users\simon\Documents\Code\thesis-code\jfreechart-master\src\main\java\org\jfree\data\time\Minute.java
jfreechart-master,C:\Users\simon\Documents\Code\thesis-code\jfreechart-master\src\test\java\org\jfree\data\time\MonthTest.java,C:\Users\simon\Documents\Code\thesis-code\jfreechart-master\src\main\java\org\jfree\data\time\Month.java
jfreechart-master,C:\Users\simon\Documents\Code\thesis-code\jfreechart-master\src\test\java\org\jfree\data\time\MovingAverageTest.java,C:\Users\simon\Documents\Code\thesis-code\jfreechart-master\src\main\java\org\jfree\data\time\MovingAverage.java
jfreechart-master,C:\Users\simon\Documents\Code\thesis-code\jfreechart-master\src\test\java\org\jfree\data\time\ohlc\OHLCItemTest.java,C:\Users\simon\Documents\Code\thesis-code\jfreechart-master\src\main\java\org\jfree\data\time\ohlc\OHLCItem.java
jfreechart-master,C:\Users\simon\Documents\Code\thesis-code\jfreechart-master\src\test\java\org\jfree\data\time\ohlc\OHLCSeriesCollectionTest.java,C:\Users\simon\Documents\Code\thesis-code\jfreechart-master\src\main\java\org\jfree\data\time\ohlc\OHLCSeriesCollection.java
jfreechart-master,C:\Users\simon\Documents\Code\thesis-code\jfreechart-master\src\test\java\org\jfree\data\time\ohlc\OHLCSeriesTest.java,C:\Users\simon\Documents\Code\thesis-code\jfreechart-master\src\main\java\org\jfree\data\time\ohlc\OHLCSeries.java
jfreechart-master,C:\Users\simon\Documents\Code\thesis-code\jfreechart-master\src\test\java\org\jfree\data\time\ohlc\OHLCTest.java,C:\Users\simon\Documents\Code\thesis-code\jfreechart-master\src\main\java\org\jfree\data\time\ohlc\OHLC.java
jfreechart-master,C:\Users\simon\Documents\Code\thesis-code\jfreechart-master\src\test\java\org\jfree\data\time\QuarterTest.java,C:\Users\simon\Documents\Code\thesis-code\jfreechart-master\src\main\java\org\jfree\data\time\Quarter.java
jfreechart-master,C:\Users\simon\Documents\Code\thesis-code\jfreechart-master\src\test\java\org\jfree\data\time\SecondTest.java,C:\Users\simon\Documents\Code\thesis-code\jfreechart-master\src\main\java\org\jfree\data\time\Second.java
jfreechart-master,C:\Users\simon\Documents\Code\thesis-code\jfreechart-master\src\test\java\org\jfree\data\time\SimpleTimePeriodTest.java,C:\Users\simon\Documents\Code\thesis-code\jfreechart-master\src\main\java\org\jfree\data\time\SimpleTimePeriod.java
jfreechart-master,C:\Users\simon\Documents\Code\thesis-code\jfreechart-master\src\test\java\org\jfree\data\time\TimePeriodAnchorTest.java,C:\Users\simon\Documents\Code\thesis-code\jfreechart-master\src\main\java\org\jfree\data\time\TimePeriodAnchor.java
jfreechart-master,C:\Users\simon\Documents\Code\thesis-code\jfreechart-master\src\test\java\org\jfree\data\time\TimePeriodValuesCollectionTest.java,C:\Users\simon\Documents\Code\thesis-code\jfreechart-master\src\main\java\org\jfree\data\time\TimePeriodValuesCollection.java
jfreechart-master,C:\Users\simon\Documents\Code\thesis-code\jfreechart-master\src\test\java\org\jfree\data\time\TimePeriodValuesTest.java,C:\Users\simon\Documents\Code\thesis-code\jfreechart-master\src\main\java\org\jfree\data\time\TimePeriodValues.java
jfreechart-master,C:\Users\simon\Documents\Code\thesis-code\jfreechart-master\src\test\java\org\jfree\data\time\TimePeriodValueTest.java,C:\Users\simon\Documents\Code\thesis-code\jfreechart-master\src\main\java\org\jfree\data\time\TimePeriodValue.java
jfreechart-master,C:\Users\simon\Documents\Code\thesis-code\jfreechart-master\src\test\java\org\jfree\data\time\TimeSeriesCollectionTest.java,C:\Users\simon\Documents\Code\thesis-code\jfreechart-master\src\main\java\org\jfree\data\time\TimeSeriesCollection.java
jfreechart-master,C:\Users\simon\Documents\Code\thesis-code\jfreechart-master\src\test\java\org\jfree\data\time\TimeSeriesDataItemTest.java,C:\Users\simon\Documents\Code\thesis-code\jfreechart-master\src\main\java\org\jfree\data\time\TimeSeriesDataItem.java
jfreechart-master,C:\Users\simon\Documents\Code\thesis-code\jfreechart-master\src\test\java\org\jfree\data\time\TimeSeriesTest.java,C:\Users\simon\Documents\Code\thesis-code\jfreechart-master\src\main\java\org\jfree\data\time\TimeSeries.java
jfreechart-master,C:\Users\simon\Documents\Code\thesis-code\jfreechart-master\src\test\java\org\jfree\data\time\TimeTableXYDatasetTest.java,C:\Users\simon\Documents\Code\thesis-code\jfreechart-master\src\main\java\org\jfree\data\time\TimeTableXYDataset.java
jfreechart-master,C:\Users\simon\Documents\Code\thesis-code\jfreechart-master\src\test\java\org\jfree\data\time\WeekTest.java,C:\Users\simon\Documents\Code\thesis-code\jfreechart-master\src\main\java\org\jfree\data\time\Week.java
jfreechart-master,C:\Users\simon\Documents\Code\thesis-code\jfreechart-master\src\test\java\org\jfree\data\time\YearTest.java,C:\Users\simon\Documents\Code\thesis-code\jfreechart-master\src\main\java\org\jfree\data\time\Year.java
jfreechart-master,C:\Users\simon\Documents\Code\thesis-code\jfreechart-master\src\test\java\org\jfree\data\xy\CategoryTableXYDatasetTest.java,C:\Users\simon\Documents\Code\thesis-code\jfreechart-master\src\main\java\org\jfree\data\xy\CategoryTableXYDataset.java
jfreechart-master,C:\Users\simon\Documents\Code\thesis-code\jfreechart-master\src\test\java\org\jfree\data\xy\DefaultHighLowDatasetTest.java,C:\Users\simon\Documents\Code\thesis-code\jfreechart-master\src\main\java\org\jfree\data\xy\DefaultHighLowDataset.java
jfreechart-master,C:\Users\simon\Documents\Code\thesis-code\jfreechart-master\src\test\java\org\jfree\data\xy\DefaultIntervalXYDatasetTest.java,C:\Users\simon\Documents\Code\thesis-code\jfreechart-master\src\main\java\org\jfree\data\xy\DefaultIntervalXYDataset.java
jfreechart-master,C:\Users\simon\Documents\Code\thesis-code\jfreechart-master\src\test\java\org\jfree\data\xy\DefaultOHLCDatasetTest.java,C:\Users\simon\Documents\Code\thesis-code\jfreechart-master\src\main\java\org\jfree\data\xy\DefaultOHLCDataset.java
jfreechart-master,C:\Users\simon\Documents\Code\thesis-code\jfreechart-master\src\test\java\org\jfree\data\xy\DefaultTableXYDatasetTest.java,C:\Users\simon\Documents\Code\thesis-code\jfreechart-master\src\main\java\org\jfree\data\xy\DefaultTableXYDataset.java
jfreechart-master,C:\Users\simon\Documents\Code\thesis-code\jfreechart-master\src\test\java\org\jfree\data\xy\DefaultWindDatasetTest.java,C:\Users\simon\Documents\Code\thesis-code\jfreechart-master\src\main\java\org\jfree\data\xy\DefaultWindDataset.java
jfreechart-master,C:\Users\simon\Documents\Code\thesis-code\jfreechart-master\src\test\java\org\jfree\data\xy\DefaultXYDatasetTest.java,C:\Users\simon\Documents\Code\thesis-code\jfreechart-master\src\main\java\org\jfree\data\xy\DefaultXYDataset.java
jfreechart-master,C:\Users\simon\Documents\Code\thesis-code\jfreechart-master\src\test\java\org\jfree\data\xy\DefaultXYZDatasetTest.java,C:\Users\simon\Documents\Code\thesis-code\jfreechart-master\src\main\java\org\jfree\data\xy\DefaultXYZDataset.java
jfreechart-master,C:\Users\simon\Documents\Code\thesis-code\jfreechart-master\src\test\java\org\jfree\data\xy\IntervalXYDelegateTest.java,C:\Users\simon\Documents\Code\thesis-code\jfreechart-master\src\main\java\org\jfree\data\xy\IntervalXYDelegate.java
jfreechart-master,C:\Users\simon\Documents\Code\thesis-code\jfreechart-master\src\test\java\org\jfree\data\xy\MatrixSeriesCollectionTest.java,C:\Users\simon\Documents\Code\thesis-code\jfreechart-master\src\main\java\org\jfree\data\xy\MatrixSeriesCollection.java
jfreechart-master,C:\Users\simon\Documents\Code\thesis-code\jfreechart-master\src\test\java\org\jfree\data\xy\MatrixSeriesTest.java,C:\Users\simon\Documents\Code\thesis-code\jfreechart-master\src\main\java\org\jfree\data\xy\MatrixSeries.java
jfreechart-master,C:\Users\simon\Documents\Code\thesis-code\jfreechart-master\src\test\java\org\jfree\data\xy\OHLCDataItemTest.java,C:\Users\simon\Documents\Code\thesis-code\jfreechart-master\src\main\java\org\jfree\data\xy\OHLCDataItem.java
jfreechart-master,C:\Users\simon\Documents\Code\thesis-code\jfreechart-master\src\test\java\org\jfree\data\xy\TableXYDatasetTest.java,
jfreechart-master,C:\Users\simon\Documents\Code\thesis-code\jfreechart-master\src\test\java\org\jfree\data\xy\VectorDataItemTest.java,C:\Users\simon\Documents\Code\thesis-code\jfreechart-master\src\main\java\org\jfree\data\xy\VectorDataItem.java
jfreechart-master,C:\Users\simon\Documents\Code\thesis-code\jfreechart-master\src\test\java\org\jfree\data\xy\VectorSeriesCollectionTest.java,C:\Users\simon\Documents\Code\thesis-code\jfreechart-master\src\main\java\org\jfree\data\xy\VectorSeriesCollection.java
jfreechart-master,C:\Users\simon\Documents\Code\thesis-code\jfreechart-master\src\test\java\org\jfree\data\xy\VectorSeriesTest.java,C:\Users\simon\Documents\Code\thesis-code\jfreechart-master\src\main\java\org\jfree\data\xy\VectorSeries.java
jfreechart-master,C:\Users\simon\Documents\Code\thesis-code\jfreechart-master\src\test\java\org\jfree\data\xy\VectorTest.java,C:\Users\simon\Documents\Code\thesis-code\jfreechart-master\src\main\java\org\jfree\data\xy\Vector.java
jfreechart-master,C:\Users\simon\Documents\Code\thesis-code\jfreechart-master\src\test\java\org\jfree\data\xy\XIntervalDataItemTest.java,C:\Users\simon\Documents\Code\thesis-code\jfreechart-master\src\main\java\org\jfree\data\xy\XIntervalDataItem.java
jfreechart-master,C:\Users\simon\Documents\Code\thesis-code\jfreechart-master\src\test\java\org\jfree\data\xy\XIntervalSeriesCollectionTest.java,C:\Users\simon\Documents\Code\thesis-code\jfreechart-master\src\main\java\org\jfree\data\xy\XIntervalSeriesCollection.java
jfreechart-master,C:\Users\simon\Documents\Code\thesis-code\jfreechart-master\src\test\java\org\jfree\data\xy\XIntervalSeriesTest.java,C:\Users\simon\Documents\Code\thesis-code\jfreechart-master\src\main\java\org\jfree\data\xy\XIntervalSeries.java
jfreechart-master,C:\Users\simon\Documents\Code\thesis-code\jfreechart-master\src\test\java\org\jfree\data\xy\XYBarDatasetTest.java,C:\Users\simon\Documents\Code\thesis-code\jfreechart-master\src\main\java\org\jfree\data\xy\XYBarDataset.java
jfreechart-master,C:\Users\simon\Documents\Code\thesis-code\jfreechart-master\src\test\java\org\jfree\data\xy\XYCoordinateTest.java,C:\Users\simon\Documents\Code\thesis-code\jfreechart-master\src\main\java\org\jfree\data\xy\XYCoordinate.java
jfreechart-master,C:\Users\simon\Documents\Code\thesis-code\jfreechart-master\src\test\java\org\jfree\data\xy\XYDataItemTest.java,C:\Users\simon\Documents\Code\thesis-code\jfreechart-master\src\main\java\org\jfree\data\xy\XYDataItem.java
jfreechart-master,C:\Users\simon\Documents\Code\thesis-code\jfreechart-master\src\test\java\org\jfree\data\xy\XYIntervalDataItemTest.java,C:\Users\simon\Documents\Code\thesis-code\jfreechart-master\src\main\java\org\jfree\data\xy\XYIntervalDataItem.java
jfreechart-master,C:\Users\simon\Documents\Code\thesis-code\jfreechart-master\src\test\java\org\jfree\data\xy\XYIntervalSeriesCollectionTest.java,C:\Users\simon\Documents\Code\thesis-code\jfreechart-master\src\main\java\org\jfree\data\xy\XYIntervalSeriesCollection.java
jfreechart-master,C:\Users\simon\Documents\Code\thesis-code\jfreechart-master\src\test\java\org\jfree\data\xy\XYIntervalSeriesTest.java,C:\Users\simon\Documents\Code\thesis-code\jfreechart-master\src\main\java\org\jfree\data\xy\XYIntervalSeries.java
jfreechart-master,C:\Users\simon\Documents\Code\thesis-code\jfreechart-master\src\test\java\org\jfree\data\xy\XYIntervalTest.java,C:\Users\simon\Documents\Code\thesis-code\jfreechart-master\src\main\java\org\jfree\data\xy\XYInterval.java
jfreechart-master,C:\Users\simon\Documents\Code\thesis-code\jfreechart-master\src\test\java\org\jfree\data\xy\XYSeriesCollectionTest.java,C:\Users\simon\Documents\Code\thesis-code\jfreechart-master\src\main\java\org\jfree\data\xy\XYSeriesCollection.java
jfreechart-master,C:\Users\simon\Documents\Code\thesis-code\jfreechart-master\src\test\java\org\jfree\data\xy\XYSeriesTest.java,C:\Users\simon\Documents\Code\thesis-code\jfreechart-master\src\main\java\org\jfree\data\xy\XYSeries.java
jfreechart-master,C:\Users\simon\Documents\Code\thesis-code\jfreechart-master\src\test\java\org\jfree\data\xy\YIntervalDataItemTest.java,C:\Users\simon\Documents\Code\thesis-code\jfreechart-master\src\main\java\org\jfree\data\xy\YIntervalDataItem.java
jfreechart-master,C:\Users\simon\Documents\Code\thesis-code\jfreechart-master\src\test\java\org\jfree\data\xy\YIntervalSeriesCollectionTest.java,C:\Users\simon\Documents\Code\thesis-code\jfreechart-master\src\main\java\org\jfree\data\xy\YIntervalSeriesCollection.java
jfreechart-master,C:\Users\simon\Documents\Code\thesis-code\jfreechart-master\src\test\java\org\jfree\data\xy\YIntervalSeriesTest.java,C:\Users\simon\Documents\Code\thesis-code\jfreechart-master\src\main\java\org\jfree\data\xy\YIntervalSeries.java
jfreechart-master,C:\Users\simon\Documents\Code\thesis-code\jfreechart-master\src\test\java\org\jfree\data\xy\YIntervalTest.java,C:\Users\simon\Documents\Code\thesis-code\jfreechart-master\src\main\java\org\jfree\data\xy\YInterval.java
jfreechart-master,C:\Users\simon\Documents\Code\thesis-code\jfreechart-master\src\test\java\org\jfree\data\xy\YWithXIntervalTest.java,C:\Users\simon\Documents\Code\thesis-code\jfreechart-master\src\main\java\org\jfree\data\xy\YWithXInterval.java
