C:\Users\simon\Documents\Code\thesis-code\mockito-main\mockito-core\src\main,C:\Users\simon\Documents\Code\thesis-code\mockito-main\mockito-core\src\main\java\org\mockito\internal\junit\TestFinishedEvent.java
C:\Users\simon\Documents\Code\thesis-code\mockito-main\mockito-core\src\main,C:\Users\simon\Documents\Code\thesis-code\mockito-main\mockito-core\src\main\java\org\mockito\internal\runners\util\TestMethodsFinder.java
C:\Users\simon\Documents\Code\thesis-code\mockito-main\mockito-core\src\main,C:\Users\simon\Documents\Code\thesis-code\mockito-main\mockito-core\src\test\java\org\concurrentmockito\ThreadsRunAllTestsHalfManualTest.java
C:\Users\simon\Documents\Code\thesis-code\mockito-main\mockito-core\src\main,C:\Users\simon\Documents\Code\thesis-code\mockito-main\mockito-core\src\test\java\org\concurrentmockito\ThreadsShareAMockTest.java
C:\Users\simon\Documents\Code\thesis-code\mockito-main\mockito-core\src\main,C:\Users\simon\Documents\Code\thesis-code\mockito-main\mockito-core\src\test\java\org\concurrentmockito\ThreadsShareGenerouslyStubbedMockTest.java
C:\Users\simon\Documents\Code\thesis-code\mockito-main\mockito-core\src\main,C:\Users\simon\Documents\Code\thesis-code\mockito-main\mockito-core\src\test\java\org\concurrentmockito\ThreadVerifiesContinuouslyInteractingMockTest.java
C:\Users\simon\Documents\Code\thesis-code\mockito-main\mockito-core\src\main,C:\Users\simon\Documents\Code\thesis-code\mockito-main\mockito-core\src\test\java\org\concurrentmockito\VerificationInOrderFromMultipleThreadsTest.java
C:\Users\simon\Documents\Code\thesis-code\mockito-main\mockito-core\src\main,C:\Users\simon\Documents\Code\thesis-code\mockito-main\mockito-core\src\test\java\org\mockito\AnnotationsAreCopiedFromMockedTypeTest.java
C:\Users\simon\Documents\Code\thesis-code\mockito-main\mockito-core\src\main,C:\Users\simon\Documents\Code\thesis-code\mockito-main\mockito-core\src\test\java\org\mockito\ArgumentCaptorTest.java
C:\Users\simon\Documents\Code\thesis-code\mockito-main\mockito-core\src\main,C:\Users\simon\Documents\Code\thesis-code\mockito-main\mockito-core\src\test\java\org\mockito\DescriptionTest.java
C:\Users\simon\Documents\Code\thesis-code\mockito-main\mockito-core\src\main,C:\Users\simon\Documents\Code\thesis-code\mockito-main\mockito-core\src\test\java\org\mockito\exceptions\base\MockitoAssertionErrorTest.java
C:\Users\simon\Documents\Code\thesis-code\mockito-main\mockito-core\src\main,C:\Users\simon\Documents\Code\thesis-code\mockito-main\mockito-core\src\test\java\org\mockito\exceptions\base\MockitoExceptionTest.java
C:\Users\simon\Documents\Code\thesis-code\mockito-main\mockito-core\src\main,C:\Users\simon\Documents\Code\thesis-code\mockito-main\mockito-core\src\test\java\org\mockito\exceptions\base\MockitoSerializationIssueTest.java
C:\Users\simon\Documents\Code\thesis-code\mockito-main\mockito-core\src\main,C:\Users\simon\Documents\Code\thesis-code\mockito-main\mockito-core\src\test\java\org\mockito\exceptions\stacktrace\StackTraceCleanerTest.java
C:\Users\simon\Documents\Code\thesis-code\mockito-main\mockito-core\src\main,C:\Users\simon\Documents\Code\thesis-code\mockito-main\mockito-core\src\test\java\org\mockito\internal\AllInvocationsFinderTest.java
C:\Users\simon\Documents\Code\thesis-code\mockito-main\mockito-core\src\main,C:\Users\simon\Documents\Code\thesis-code\mockito-main\mockito-core\src\test\java\org\mockito\internal\configuration\ClassPathLoaderTest.java
C:\Users\simon\Documents\Code\thesis-code\mockito-main\mockito-core\src\main,C:\Users\simon\Documents\Code\thesis-code\mockito-main\mockito-core\src\test\java\org\mockito\internal\configuration\GlobalConfigurationTest.java
C:\Users\simon\Documents\Code\thesis-code\mockito-main\mockito-core\src\main,C:\Users\simon\Documents\Code\thesis-code\mockito-main\mockito-core\src\test\java\org\mockito\internal\configuration\injection\ConstructorInjectionTest.java
C:\Users\simon\Documents\Code\thesis-code\mockito-main\mockito-core\src\main,C:\Users\simon\Documents\Code\thesis-code\mockito-main\mockito-core\src\test\java\org\mockito\internal\configuration\injection\SimpleArgumentResolverTest.java
C:\Users\simon\Documents\Code\thesis-code\mockito-main\mockito-core\src\main,C:\Users\simon\Documents\Code\thesis-code\mockito-main\mockito-core\src\test\java\org\mockito\internal\configuration\MockAnnotationProcessorTest.java
C:\Users\simon\Documents\Code\thesis-code\mockito-main\mockito-core\src\main,C:\Users\simon\Documents\Code\thesis-code\mockito-main\mockito-core\src\test\java\org\mockito\internal\configuration\MockInjectionTest.java
C:\Users\simon\Documents\Code\thesis-code\mockito-main\mockito-core\src\main,C:\Users\simon\Documents\Code\thesis-code\mockito-main\mockito-core\src\test\java\org\mockito\internal\configuration\plugins\DefaultMockitoPluginsTest.java
C:\Users\simon\Documents\Code\thesis-code\mockito-main\mockito-core\src\main,C:\Users\simon\Documents\Code\thesis-code\mockito-main\mockito-core\src\test\java\org\mockito\internal\configuration\plugins\PluginFileReaderTest.java
C:\Users\simon\Documents\Code\thesis-code\mockito-main\mockito-core\src\main,C:\Users\simon\Documents\Code\thesis-code\mockito-main\mockito-core\src\test\java\org\mockito\internal\configuration\plugins\PluginFinderTest.java
C:\Users\simon\Documents\Code\thesis-code\mockito-main\mockito-core\src\main,C:\Users\simon\Documents\Code\thesis-code\mockito-main\mockito-core\src\test\java\org\mockito\internal\configuration\plugins\PluginLoaderTest.java
C:\Users\simon\Documents\Code\thesis-code\mockito-main\mockito-core\src\main,C:\Users\simon\Documents\Code\thesis-code\mockito-main\mockito-core\src\test\java\org\mockito\internal\creation\AbstractMockMakerTest.java
C:\Users\simon\Documents\Code\thesis-code\mockito-main\mockito-core\src\main,C:\Users\simon\Documents\Code\thesis-code\mockito-main\mockito-core\src\test\java\org\mockito\internal\creation\bytebuddy\AbstractByteBuddyMockMakerTest.java
C:\Users\simon\Documents\Code\thesis-code\mockito-main\mockito-core\src\main,C:\Users\simon\Documents\Code\thesis-code\mockito-main\mockito-core\src\test\java\org\mockito\internal\creation\bytebuddy\ByteBuddyMockMakerTest.java
C:\Users\simon\Documents\Code\thesis-code\mockito-main\mockito-core\src\main,C:\Users\simon\Documents\Code\thesis-code\mockito-main\mockito-core\src\test\java\org\mockito\internal\creation\bytebuddy\InlineByteBuddyMockMakerTest.java
C:\Users\simon\Documents\Code\thesis-code\mockito-main\mockito-core\src\main,C:\Users\simon\Documents\Code\thesis-code\mockito-main\mockito-core\src\test\java\org\mockito\internal\creation\bytebuddy\InlineDelegateByteBuddyMockMakerTest.java
C:\Users\simon\Documents\Code\thesis-code\mockito-main\mockito-core\src\main,C:\Users\simon\Documents\Code\thesis-code\mockito-main\mockito-core\src\test\java\org\mockito\internal\creation\bytebuddy\PlatformUtilsTest.java
C:\Users\simon\Documents\Code\thesis-code\mockito-main\mockito-core\src\main,C:\Users\simon\Documents\Code\thesis-code\mockito-main\mockito-core\src\test\java\org\mockito\internal\creation\bytebuddy\SubclassByteBuddyMockMakerTest.java
C:\Users\simon\Documents\Code\thesis-code\mockito-main\mockito-core\src\main,C:\Users\simon\Documents\Code\thesis-code\mockito-main\mockito-core\src\test\java\org\mockito\internal\creation\bytebuddy\TypeCachingMockBytecodeGeneratorTest.java
C:\Users\simon\Documents\Code\thesis-code\mockito-main\mockito-core\src\main,C:\Users\simon\Documents\Code\thesis-code\mockito-main\mockito-core\src\test\java\org\mockito\internal\creation\DelegatingMethodTest.java
C:\Users\simon\Documents\Code\thesis-code\mockito-main\mockito-core\src\main,C:\Users\simon\Documents\Code\thesis-code\mockito-main\mockito-core\src\test\java\org\mockito\internal\creation\instance\ConstructorInstantiatorTest.java
C:\Users\simon\Documents\Code\thesis-code\mockito-main\mockito-core\src\main,C:\Users\simon\Documents\Code\thesis-code\mockito-main\mockito-core\src\test\java\org\mockito\internal\creation\InterfaceOverrideTest.java
C:\Users\simon\Documents\Code\thesis-code\mockito-main\mockito-core\src\main,C:\Users\simon\Documents\Code\thesis-code\mockito-main\mockito-core\src\test\java\org\mockito\internal\creation\MockSettingsImplTest.java
C:\Users\simon\Documents\Code\thesis-code\mockito-main\mockito-core\src\main,C:\Users\simon\Documents\Code\thesis-code\mockito-main\mockito-core\src\test\java\org\mockito\internal\creation\proxy\ProxyMockMakerTest.java
C:\Users\simon\Documents\Code\thesis-code\mockito-main\mockito-core\src\main,C:\Users\simon\Documents\Code\thesis-code\mockito-main\mockito-core\src\test\java\org\mockito\internal\debugging\LoggingListenerTest.java
C:\Users\simon\Documents\Code\thesis-code\mockito-main\mockito-core\src\main,C:\Users\simon\Documents\Code\thesis-code\mockito-main\mockito-core\src\test\java\org\mockito\internal\debugging\VerboseMockInvocationLoggerTest.java
C:\Users\simon\Documents\Code\thesis-code\mockito-main\mockito-core\src\main,C:\Users\simon\Documents\Code\thesis-code\mockito-main\mockito-core\src\test\java\org\mockito\internal\debugging\WarningsFinderTest.java
C:\Users\simon\Documents\Code\thesis-code\mockito-main\mockito-core\src\main,C:\Users\simon\Documents\Code\thesis-code\mockito-main\mockito-core\src\test\java\org\mockito\internal\exceptions\ReporterTest.java
C:\Users\simon\Documents\Code\thesis-code\mockito-main\mockito-core\src\main,C:\Users\simon\Documents\Code\thesis-code\mockito-main\mockito-core\src\test\java\org\mockito\internal\exceptions\stacktrace\ConditionalStackTraceFilterTest.java
C:\Users\simon\Documents\Code\thesis-code\mockito-main\mockito-core\src\main,C:\Users\simon\Documents\Code\thesis-code\mockito-main\mockito-core\src\test\java\org\mockito\internal\exceptions\stacktrace\StackTraceFilterTest.java
C:\Users\simon\Documents\Code\thesis-code\mockito-main\mockito-core\src\main,C:\Users\simon\Documents\Code\thesis-code\mockito-main\mockito-core\src\test\java\org\mockito\internal\exceptions\util\ScenarioPrinterTest.java
C:\Users\simon\Documents\Code\thesis-code\mockito-main\mockito-core\src\main,C:\Users\simon\Documents\Code\thesis-code\mockito-main\mockito-core\src\test\java\org\mockito\internal\framework\DefaultMockitoFrameworkTest.java
C:\Users\simon\Documents\Code\thesis-code\mockito-main\mockito-core\src\main,C:\Users\simon\Documents\Code\thesis-code\mockito-main\mockito-core\src\test\java\org\mockito\internal\hamcrest\MatcherGenericTypeExtractorTest.java
C:\Users\simon\Documents\Code\thesis-code\mockito-main\mockito-core\src\main,C:\Users\simon\Documents\Code\thesis-code\mockito-main\mockito-core\src\test\java\org\mockito\internal\handler\InvocationNotifierHandlerTest.java
C:\Users\simon\Documents\Code\thesis-code\mockito-main\mockito-core\src\main,C:\Users\simon\Documents\Code\thesis-code\mockito-main\mockito-core\src\test\java\org\mockito\internal\handler\MockHandlerFactoryTest.java
C:\Users\simon\Documents\Code\thesis-code\mockito-main\mockito-core\src\main,C:\Users\simon\Documents\Code\thesis-code\mockito-main\mockito-core\src\test\java\org\mockito\internal\handler\MockHandlerImplTest.java
C:\Users\simon\Documents\Code\thesis-code\mockito-main\mockito-core\src\main,C:\Users\simon\Documents\Code\thesis-code\mockito-main\mockito-core\src\test\java\org\mockito\internal\InOrderImplTest.java
C:\Users\simon\Documents\Code\thesis-code\mockito-main\mockito-core\src\main,C:\Users\simon\Documents\Code\thesis-code\mockito-main\mockito-core\src\test\java\org\mockito\internal\InvalidStateDetectionTest.java
C:\Users\simon\Documents\Code\thesis-code\mockito-main\mockito-core\src\main,C:\Users\simon\Documents\Code\thesis-code\mockito-main\mockito-core\src\test\java\org\mockito\internal\invocation\InvocationMarkerTest.java
C:\Users\simon\Documents\Code\thesis-code\mockito-main\mockito-core\src\main,C:\Users\simon\Documents\Code\thesis-code\mockito-main\mockito-core\src\test\java\org\mockito\internal\invocation\InvocationMatcherTest.java
C:\Users\simon\Documents\Code\thesis-code\mockito-main\mockito-core\src\main,C:\Users\simon\Documents\Code\thesis-code\mockito-main\mockito-core\src\test\java\org\mockito\internal\invocation\InvocationsFinderTest.java
C:\Users\simon\Documents\Code\thesis-code\mockito-main\mockito-core\src\main,C:\Users\simon\Documents\Code\thesis-code\mockito-main\mockito-core\src\test\java\org\mockito\internal\invocation\MatcherApplicationStrategyTest.java
C:\Users\simon\Documents\Code\thesis-code\mockito-main\mockito-core\src\main,C:\Users\simon\Documents\Code\thesis-code\mockito-main\mockito-core\src\test\java\org\mockito\internal\invocation\mockref\MockWeakReferenceTest.java
C:\Users\simon\Documents\Code\thesis-code\mockito-main\mockito-core\src\main,C:\Users\simon\Documents\Code\thesis-code\mockito-main\mockito-core\src\test\java\org\mockito\internal\invocation\SerializableMethodTest.java
C:\Users\simon\Documents\Code\thesis-code\mockito-main\mockito-core\src\main,C:\Users\simon\Documents\Code\thesis-code\mockito-main\mockito-core\src\test\java\org\mockito\internal\invocation\TypeSafeMatchingTest.java
C:\Users\simon\Documents\Code\thesis-code\mockito-main\mockito-core\src\main,C:\Users\simon\Documents\Code\thesis-code\mockito-main\mockito-core\src\test\java\org\mockito\internal\junit\ArgMismatchFinderTest.java
C:\Users\simon\Documents\Code\thesis-code\mockito-main\mockito-core\src\main,C:\Users\simon\Documents\Code\thesis-code\mockito-main\mockito-core\src\test\java\org\mockito\internal\junit\ExceptionFactoryTest.java
C:\Users\simon\Documents\Code\thesis-code\mockito-main\mockito-core\src\main,C:\Users\simon\Documents\Code\thesis-code\mockito-main\mockito-core\src\test\java\org\mockito\internal\junit\JUnitRuleTest.java
C:\Users\simon\Documents\Code\thesis-code\mockito-main\mockito-core\src\main,C:\Users\simon\Documents\Code\thesis-code\mockito-main\mockito-core\src\test\java\org\mockito\internal\junit\StubbingArgMismatchesTest.java
C:\Users\simon\Documents\Code\thesis-code\mockito-main\mockito-core\src\main,C:\Users\simon\Documents\Code\thesis-code\mockito-main\mockito-core\src\test\java\org\mockito\internal\junit\UnusedStubbingsTest.java
C:\Users\simon\Documents\Code\thesis-code\mockito-main\mockito-core\src\main,C:\Users\simon\Documents\Code\thesis-code\mockito-main\mockito-core\src\test\java\org\mockito\internal\listeners\StubbingLookupNotifierTest.java
C:\Users\simon\Documents\Code\thesis-code\mockito-main\mockito-core\src\main,C:\Users\simon\Documents\Code\thesis-code\mockito-main\mockito-core\src\test\java\org\mockito\internal\listeners\VerificationStartedNotifierTest.java
C:\Users\simon\Documents\Code\thesis-code\mockito-main\mockito-core\src\main,C:\Users\simon\Documents\Code\thesis-code\mockito-main\mockito-core\src\test\java\org\mockito\internal\matchers\AndTest.java
C:\Users\simon\Documents\Code\thesis-code\mockito-main\mockito-core\src\main,C:\Users\simon\Documents\Code\thesis-code\mockito-main\mockito-core\src\test\java\org\mockito\internal\matchers\apachecommons\EqualsBuilderTest.java
C:\Users\simon\Documents\Code\thesis-code\mockito-main\mockito-core\src\main,C:\Users\simon\Documents\Code\thesis-code\mockito-main\mockito-core\src\test\java\org\mockito\internal\matchers\CapturingMatcherTest.java
C:\Users\simon\Documents\Code\thesis-code\mockito-main\mockito-core\src\main,C:\Users\simon\Documents\Code\thesis-code\mockito-main\mockito-core\src\test\java\org\mockito\internal\matchers\ComparableMatchersTest.java
C:\Users\simon\Documents\Code\thesis-code\mockito-main\mockito-core\src\main,C:\Users\simon\Documents\Code\thesis-code\mockito-main\mockito-core\src\test\java\org\mockito\internal\matchers\EqualityTest.java
C:\Users\simon\Documents\Code\thesis-code\mockito-main\mockito-core\src\main,C:\Users\simon\Documents\Code\thesis-code\mockito-main\mockito-core\src\test\java\org\mockito\internal\matchers\EqualsTest.java
C:\Users\simon\Documents\Code\thesis-code\mockito-main\mockito-core\src\main,C:\Users\simon\Documents\Code\thesis-code\mockito-main\mockito-core\src\test\java\org\mockito\internal\matchers\InstanceOfTest.java
C:\Users\simon\Documents\Code\thesis-code\mockito-main\mockito-core\src\main,C:\Users\simon\Documents\Code\thesis-code\mockito-main\mockito-core\src\test\java\org\mockito\internal\matchers\MatchersPrinterTest.java
C:\Users\simon\Documents\Code\thesis-code\mockito-main\mockito-core\src\main,C:\Users\simon\Documents\Code\thesis-code\mockito-main\mockito-core\src\test\java\org\mockito\internal\matchers\MatchersToStringTest.java
C:\Users\simon\Documents\Code\thesis-code\mockito-main\mockito-core\src\main,C:\Users\simon\Documents\Code\thesis-code\mockito-main\mockito-core\src\test\java\org\mockito\internal\matchers\OrTest.java
C:\Users\simon\Documents\Code\thesis-code\mockito-main\mockito-core\src\main,C:\Users\simon\Documents\Code\thesis-code\mockito-main\mockito-core\src\test\java\org\mockito\internal\matchers\SameTest.java
C:\Users\simon\Documents\Code\thesis-code\mockito-main\mockito-core\src\main,C:\Users\simon\Documents\Code\thesis-code\mockito-main\mockito-core\src\test\java\org\mockito\internal\matchers\StringMatchersTest.java
C:\Users\simon\Documents\Code\thesis-code\mockito-main\mockito-core\src\main,C:\Users\simon\Documents\Code\thesis-code\mockito-main\mockito-core\src\test\java\org\mockito\internal\matchers\text\MatcherToStringTest.java
C:\Users\simon\Documents\Code\thesis-code\mockito-main\mockito-core\src\main,C:\Users\simon\Documents\Code\thesis-code\mockito-main\mockito-core\src\test\java\org\mockito\internal\matchers\text\ValuePrinterTest.java
C:\Users\simon\Documents\Code\thesis-code\mockito-main\mockito-core\src\main,C:\Users\simon\Documents\Code\thesis-code\mockito-main\mockito-core\src\test\java\org\mockito\internal\progress\AtLeastTest.java
C:\Users\simon\Documents\Code\thesis-code\mockito-main\mockito-core\src\main,C:\Users\simon\Documents\Code\thesis-code\mockito-main\mockito-core\src\test\java\org\mockito\internal\progress\MockingProgressImplTest.java
C:\Users\simon\Documents\Code\thesis-code\mockito-main\mockito-core\src\main,C:\Users\simon\Documents\Code\thesis-code\mockito-main\mockito-core\src\test\java\org\mockito\internal\progress\ThreadSafeMockingProgressTest.java
C:\Users\simon\Documents\Code\thesis-code\mockito-main\mockito-core\src\main,C:\Users\simon\Documents\Code\thesis-code\mockito-main\mockito-core\src\test\java\org\mockito\internal\progress\TimesTest.java
C:\Users\simon\Documents\Code\thesis-code\mockito-main\mockito-core\src\main,C:\Users\simon\Documents\Code\thesis-code\mockito-main\mockito-core\src\test\java\org\mockito\internal\reporting\PluralizerTest.java
C:\Users\simon\Documents\Code\thesis-code\mockito-main\mockito-core\src\main,C:\Users\simon\Documents\Code\thesis-code\mockito-main\mockito-core\src\test\java\org\mockito\internal\runners\DefaultInternalRunnerTest.java
C:\Users\simon\Documents\Code\thesis-code\mockito-main\mockito-core\src\main,C:\Users\simon\Documents\Code\thesis-code\mockito-main\mockito-core\src\test\java\org\mockito\internal\runners\util\RunnerProviderTest.java
C:\Users\simon\Documents\Code\thesis-code\mockito-main\mockito-core\src\main,C:\Users\simon\Documents\Code\thesis-code\mockito-main\mockito-core\src\test\java\org\mockito\internal\runners\util\TestMethodsFinderTest.java
C:\Users\simon\Documents\Code\thesis-code\mockito-main\mockito-core\src\main,C:\Users\simon\Documents\Code\thesis-code\mockito-main\mockito-core\src\test\java\org\mockito\internal\session\DefaultMockitoSessionBuilderTest.java
C:\Users\simon\Documents\Code\thesis-code\mockito-main\mockito-core\src\main,C:\Users\simon\Documents\Code\thesis-code\mockito-main\mockito-core\src\test\java\org\mockito\internal\stubbing\answers\AbstractThrowsExceptionTest.java
C:\Users\simon\Documents\Code\thesis-code\mockito-main\mockito-core\src\main,C:\Users\simon\Documents\Code\thesis-code\mockito-main\mockito-core\src\test\java\org\mockito\internal\stubbing\answers\AnswersWithDelayTest.java
C:\Users\simon\Documents\Code\thesis-code\mockito-main\mockito-core\src\main,C:\Users\simon\Documents\Code\thesis-code\mockito-main\mockito-core\src\test\java\org\mockito\internal\stubbing\answers\CallsRealMethodsTest.java
C:\Users\simon\Documents\Code\thesis-code\mockito-main\mockito-core\src\main,C:\Users\simon\Documents\Code\thesis-code\mockito-main\mockito-core\src\test\java\org\mockito\internal\stubbing\answers\DeepStubReturnsEnumJava11Test.java
C:\Users\simon\Documents\Code\thesis-code\mockito-main\mockito-core\src\main,C:\Users\simon\Documents\Code\thesis-code\mockito-main\mockito-core\src\test\java\org\mockito\internal\stubbing\answers\DefaultAnswerValidatorTest.java
C:\Users\simon\Documents\Code\thesis-code\mockito-main\mockito-core\src\main,C:\Users\simon\Documents\Code\thesis-code\mockito-main\mockito-core\src\test\java\org\mockito\internal\stubbing\answers\DoesNothingTest.java
C:\Users\simon\Documents\Code\thesis-code\mockito-main\mockito-core\src\main,C:\Users\simon\Documents\Code\thesis-code\mockito-main\mockito-core\src\test\java\org\mockito\internal\stubbing\answers\InvocationInfoExceptionTest.java
C:\Users\simon\Documents\Code\thesis-code\mockito-main\mockito-core\src\main,C:\Users\simon\Documents\Code\thesis-code\mockito-main\mockito-core\src\test\java\org\mockito\internal\stubbing\answers\InvocationInfoTest.java
C:\Users\simon\Documents\Code\thesis-code\mockito-main\mockito-core\src\main,C:\Users\simon\Documents\Code\thesis-code\mockito-main\mockito-core\src\test\java\org\mockito\internal\stubbing\answers\ReturnsArgumentAtTest.java
C:\Users\simon\Documents\Code\thesis-code\mockito-main\mockito-core\src\main,C:\Users\simon\Documents\Code\thesis-code\mockito-main\mockito-core\src\test\java\org\mockito\internal\stubbing\answers\ReturnsTest.java
C:\Users\simon\Documents\Code\thesis-code\mockito-main\mockito-core\src\main,C:\Users\simon\Documents\Code\thesis-code\mockito-main\mockito-core\src\test\java\org\mockito\internal\stubbing\answers\ThrowsExceptionForClassTypeTest.java
C:\Users\simon\Documents\Code\thesis-code\mockito-main\mockito-core\src\main,C:\Users\simon\Documents\Code\thesis-code\mockito-main\mockito-core\src\test\java\org\mockito\internal\stubbing\answers\ThrowsExceptionTest.java
C:\Users\simon\Documents\Code\thesis-code\mockito-main\mockito-core\src\main,C:\Users\simon\Documents\Code\thesis-code\mockito-main\mockito-core\src\test\java\org\mockito\internal\stubbing\defaultanswers\ForwardsInvocationsTest.java
C:\Users\simon\Documents\Code\thesis-code\mockito-main\mockito-core\src\main,C:\Users\simon\Documents\Code\thesis-code\mockito-main\mockito-core\src\test\java\org\mockito\internal\stubbing\defaultanswers\ReturnsDeepStubsConcurrentTest.java
C:\Users\simon\Documents\Code\thesis-code\mockito-main\mockito-core\src\main,C:\Users\simon\Documents\Code\thesis-code\mockito-main\mockito-core\src\test\java\org\mockito\internal\stubbing\defaultanswers\ReturnsEmptyValuesTest.java
C:\Users\simon\Documents\Code\thesis-code\mockito-main\mockito-core\src\main,C:\Users\simon\Documents\Code\thesis-code\mockito-main\mockito-core\src\test\java\org\mockito\internal\stubbing\defaultanswers\ReturnsGenericDeepStubsTest.java
C:\Users\simon\Documents\Code\thesis-code\mockito-main\mockito-core\src\main,C:\Users\simon\Documents\Code\thesis-code\mockito-main\mockito-core\src\test\java\org\mockito\internal\stubbing\defaultanswers\ReturnsMocksTest.java
C:\Users\simon\Documents\Code\thesis-code\mockito-main\mockito-core\src\main,C:\Users\simon\Documents\Code\thesis-code\mockito-main\mockito-core\src\test\java\org\mockito\internal\stubbing\defaultanswers\ReturnsMoreEmptyValuesTest.java
C:\Users\simon\Documents\Code\thesis-code\mockito-main\mockito-core\src\main,C:\Users\simon\Documents\Code\thesis-code\mockito-main\mockito-core\src\test\java\org\mockito\internal\stubbing\defaultanswers\ReturnsOptionalMocksTest.java
C:\Users\simon\Documents\Code\thesis-code\mockito-main\mockito-core\src\main,C:\Users\simon\Documents\Code\thesis-code\mockito-main\mockito-core\src\test\java\org\mockito\internal\stubbing\defaultanswers\ReturnsSmartNullsTest.java
C:\Users\simon\Documents\Code\thesis-code\mockito-main\mockito-core\src\main,C:\Users\simon\Documents\Code\thesis-code\mockito-main\mockito-core\src\test\java\org\mockito\internal\stubbing\InvocationContainerImplStubbingTest.java
C:\Users\simon\Documents\Code\thesis-code\mockito-main\mockito-core\src\main,C:\Users\simon\Documents\Code\thesis-code\mockito-main\mockito-core\src\test\java\org\mockito\internal\stubbing\InvocationContainerImplTest.java
C:\Users\simon\Documents\Code\thesis-code\mockito-main\mockito-core\src\main,C:\Users\simon\Documents\Code\thesis-code\mockito-main\mockito-core\src\test\java\org\mockito\internal\util\ChecksTest.java
C:\Users\simon\Documents\Code\thesis-code\mockito-main\mockito-core\src\main,C:\Users\simon\Documents\Code\thesis-code\mockito-main\mockito-core\src\test\java\org\mockito\internal\util\collections\HashCodeAndEqualsSafeSetTest.java
C:\Users\simon\Documents\Code\thesis-code\mockito-main\mockito-core\src\main,C:\Users\simon\Documents\Code\thesis-code\mockito-main\mockito-core\src\test\java\org\mockito\internal\util\collections\IdentitySetTest.java
C:\Users\simon\Documents\Code\thesis-code\mockito-main\mockito-core\src\main,C:\Users\simon\Documents\Code\thesis-code\mockito-main\mockito-core\src\test\java\org\mockito\internal\util\collections\SetsTest.java
C:\Users\simon\Documents\Code\thesis-code\mockito-main\mockito-core\src\main,C:\Users\simon\Documents\Code\thesis-code\mockito-main\mockito-core\src\test\java\org\mockito\internal\util\DefaultMockingDetailsTest.java
C:\Users\simon\Documents\Code\thesis-code\mockito-main\mockito-core\src\main,C:\Users\simon\Documents\Code\thesis-code\mockito-main\mockito-core\src\test\java\org\mockito\internal\util\io\IOUtilTest.java
C:\Users\simon\Documents\Code\thesis-code\mockito-main\mockito-core\src\main,C:\Users\simon\Documents\Code\thesis-code\mockito-main\mockito-core\src\test\java\org\mockito\internal\util\MockCreationValidatorTest.java
C:\Users\simon\Documents\Code\thesis-code\mockito-main\mockito-core\src\main,C:\Users\simon\Documents\Code\thesis-code\mockito-main\mockito-core\src\test\java\org\mockito\internal\util\MockNameImplTest.java
C:\Users\simon\Documents\Code\thesis-code\mockito-main\mockito-core\src\main,C:\Users\simon\Documents\Code\thesis-code\mockito-main\mockito-core\src\test\java\org\mockito\internal\util\MockSettingsTest.java
C:\Users\simon\Documents\Code\thesis-code\mockito-main\mockito-core\src\main,C:\Users\simon\Documents\Code\thesis-code\mockito-main\mockito-core\src\test\java\org\mockito\internal\util\MockUtilTest.java
C:\Users\simon\Documents\Code\thesis-code\mockito-main\mockito-core\src\main,C:\Users\simon\Documents\Code\thesis-code\mockito-main\mockito-core\src\test\java\org\mockito\internal\util\ObjectMethodsGuruTest.java
C:\Users\simon\Documents\Code\thesis-code\mockito-main\mockito-core\src\main,C:\Users\simon\Documents\Code\thesis-code\mockito-main\mockito-core\src\test\java\org\mockito\internal\util\PlatformTest.java
C:\Users\simon\Documents\Code\thesis-code\mockito-main\mockito-core\src\main,C:\Users\simon\Documents\Code\thesis-code\mockito-main\mockito-core\src\test\java\org\mockito\internal\util\PrimitivesTest.java
C:\Users\simon\Documents\Code\thesis-code\mockito-main\mockito-core\src\main,C:\Users\simon\Documents\Code\thesis-code\mockito-main\mockito-core\src\test\java\org\mockito\internal\util\reflection\BeanPropertySetterTest.java
C:\Users\simon\Documents\Code\thesis-code\mockito-main\mockito-core\src\main,C:\Users\simon\Documents\Code\thesis-code\mockito-main\mockito-core\src\test\java\org\mockito\internal\util\reflection\DummyClassForTests.java
C:\Users\simon\Documents\Code\thesis-code\mockito-main\mockito-core\src\main,C:\Users\simon\Documents\Code\thesis-code\mockito-main\mockito-core\src\test\java\org\mockito\internal\util\reflection\DummyParentClassForTests.java
C:\Users\simon\Documents\Code\thesis-code\mockito-main\mockito-core\src\main,C:\Users\simon\Documents\Code\thesis-code\mockito-main\mockito-core\src\test\java\org\mockito\internal\util\reflection\FieldInitializerTest.java
C:\Users\simon\Documents\Code\thesis-code\mockito-main\mockito-core\src\main,C:\Users\simon\Documents\Code\thesis-code\mockito-main\mockito-core\src\test\java\org\mockito\internal\util\reflection\FieldReaderTest.java
C:\Users\simon\Documents\Code\thesis-code\mockito-main\mockito-core\src\main,C:\Users\simon\Documents\Code\thesis-code\mockito-main\mockito-core\src\test\java\org\mockito\internal\util\reflection\GenericArrayReturnTypeTest.java
C:\Users\simon\Documents\Code\thesis-code\mockito-main\mockito-core\src\main,C:\Users\simon\Documents\Code\thesis-code\mockito-main\mockito-core\src\test\java\org\mockito\internal\util\reflection\GenericMasterTest.java
C:\Users\simon\Documents\Code\thesis-code\mockito-main\mockito-core\src\main,C:\Users\simon\Documents\Code\thesis-code\mockito-main\mockito-core\src\test\java\org\mockito\internal\util\reflection\GenericMetadataSupportTest.java
C:\Users\simon\Documents\Code\thesis-code\mockito-main\mockito-core\src\main,C:\Users\simon\Documents\Code\thesis-code\mockito-main\mockito-core\src\test\java\org\mockito\internal\util\reflection\GenericTypeExtractorTest.java
C:\Users\simon\Documents\Code\thesis-code\mockito-main\mockito-core\src\main,C:\Users\simon\Documents\Code\thesis-code\mockito-main\mockito-core\src\test\java\org\mockito\internal\util\reflection\LenientCopyToolTest.java
C:\Users\simon\Documents\Code\thesis-code\mockito-main\mockito-core\src\main,C:\Users\simon\Documents\Code\thesis-code\mockito-main\mockito-core\src\test\java\org\mockito\internal\util\reflection\MemberAccessorTest.java
C:\Users\simon\Documents\Code\thesis-code\mockito-main\mockito-core\src\main,C:\Users\simon\Documents\Code\thesis-code\mockito-main\mockito-core\src\test\java\org\mockito\internal\util\reflection\ParameterizedConstructorInstantiatorTest.java
C:\Users\simon\Documents\Code\thesis-code\mockito-main\mockito-core\src\main,C:\Users\simon\Documents\Code\thesis-code\mockito-main\mockito-core\src\test\java\org\mockito\internal\util\reflection\SuperTypesLastSorterTest.java
C:\Users\simon\Documents\Code\thesis-code\mockito-main\mockito-core\src\main,C:\Users\simon\Documents\Code\thesis-code\mockito-main\mockito-core\src\test\java\org\mockito\internal\util\SimpleMockitoLoggerTest.java
C:\Users\simon\Documents\Code\thesis-code\mockito-main\mockito-core\src\main,C:\Users\simon\Documents\Code\thesis-code\mockito-main\mockito-core\src\test\java\org\mockito\internal\util\StringUtilTest.java
C:\Users\simon\Documents\Code\thesis-code\mockito-main\mockito-core\src\main,C:\Users\simon\Documents\Code\thesis-code\mockito-main\mockito-core\src\test\java\org\mockito\internal\util\TimerTest.java
C:\Users\simon\Documents\Code\thesis-code\mockito-main\mockito-core\src\main,C:\Users\simon\Documents\Code\thesis-code\mockito-main\mockito-core\src\test\java\org\mockito\internal\verification\argumentmatching\ArgumentMatchingToolTest.java
C:\Users\simon\Documents\Code\thesis-code\mockito-main\mockito-core\src\main,C:\Users\simon\Documents\Code\thesis-code\mockito-main\mockito-core\src\test\java\org\mockito\internal\verification\checkers\AtLeastXNumberOfInvocationsCheckerTest.java
C:\Users\simon\Documents\Code\thesis-code\mockito-main\mockito-core\src\main,C:\Users\simon\Documents\Code\thesis-code\mockito-main\mockito-core\src\test\java\org\mockito\internal\verification\checkers\MissingInvocationCheckerTest.java
C:\Users\simon\Documents\Code\thesis-code\mockito-main\mockito-core\src\main,C:\Users\simon\Documents\Code\thesis-code\mockito-main\mockito-core\src\test\java\org\mockito\internal\verification\checkers\MissingInvocationInOrderCheckerTest.java
C:\Users\simon\Documents\Code\thesis-code\mockito-main\mockito-core\src\main,C:\Users\simon\Documents\Code\thesis-code\mockito-main\mockito-core\src\test\java\org\mockito\internal\verification\checkers\NumberOfInvocationsCheckerTest.java
C:\Users\simon\Documents\Code\thesis-code\mockito-main\mockito-core\src\main,C:\Users\simon\Documents\Code\thesis-code\mockito-main\mockito-core\src\test\java\org\mockito\internal\verification\checkers\NumberOfInvocationsInOrderCheckerTest.java
C:\Users\simon\Documents\Code\thesis-code\mockito-main\mockito-core\src\main,C:\Users\simon\Documents\Code\thesis-code\mockito-main\mockito-core\src\test\java\org\mockito\internal\verification\DefaultRegisteredInvocationsTest.java
C:\Users\simon\Documents\Code\thesis-code\mockito-main\mockito-core\src\main,C:\Users\simon\Documents\Code\thesis-code\mockito-main\mockito-core\src\test\java\org\mockito\internal\verification\DescriptionTest.java
C:\Users\simon\Documents\Code\thesis-code\mockito-main\mockito-core\src\main,C:\Users\simon\Documents\Code\thesis-code\mockito-main\mockito-core\src\test\java\org\mockito\internal\verification\NoInteractionsTest.java
C:\Users\simon\Documents\Code\thesis-code\mockito-main\mockito-core\src\main,C:\Users\simon\Documents\Code\thesis-code\mockito-main\mockito-core\src\test\java\org\mockito\internal\verification\NoMoreInteractionsTest.java
C:\Users\simon\Documents\Code\thesis-code\mockito-main\mockito-core\src\main,C:\Users\simon\Documents\Code\thesis-code\mockito-main\mockito-core\src\test\java\org\mockito\internal\verification\OnlyTest.java
C:\Users\simon\Documents\Code\thesis-code\mockito-main\mockito-core\src\main,C:\Users\simon\Documents\Code\thesis-code\mockito-main\mockito-core\src\test\java\org\mockito\internal\verification\SmartPrinterTest.java
C:\Users\simon\Documents\Code\thesis-code\mockito-main\mockito-core\src\main,C:\Users\simon\Documents\Code\thesis-code\mockito-main\mockito-core\src\test\java\org\mockito\internal\verification\VerificationDataImplTest.java
C:\Users\simon\Documents\Code\thesis-code\mockito-main\mockito-core\src\main,C:\Users\simon\Documents\Code\thesis-code\mockito-main\mockito-core\src\test\java\org\mockito\internal\verification\VerificationOverTimeImplTest.java
C:\Users\simon\Documents\Code\thesis-code\mockito-main\mockito-core\src\main,C:\Users\simon\Documents\Code\thesis-code\mockito-main\mockito-core\src\test\java\org\mockito\internal\verification\VerificationWithDescriptionTest.java
C:\Users\simon\Documents\Code\thesis-code\mockito-main\mockito-core\src\main,C:\Users\simon\Documents\Code\thesis-code\mockito-main\mockito-core\src\test\java\org\mockito\InvocationFactoryTest.java
C:\Users\simon\Documents\Code\thesis-code\mockito-main\mockito-core\src\main,C:\Users\simon\Documents\Code\thesis-code\mockito-main\mockito-core\src\test\java\org\mockito\junit\TestableJUnitRunner.java
C:\Users\simon\Documents\Code\thesis-code\mockito-main\mockito-core\src\main,C:\Users\simon\Documents\Code\thesis-code\mockito-main\mockito-core\src\test\java\org\mockito\MockitoClearTest.java
C:\Users\simon\Documents\Code\thesis-code\mockito-main\mockito-core\src\main,C:\Users\simon\Documents\Code\thesis-code\mockito-main\mockito-core\src\test\java\org\mockito\MockitoEnvTest.java
C:\Users\simon\Documents\Code\thesis-code\mockito-main\mockito-core\src\main,C:\Users\simon\Documents\Code\thesis-code\mockito-main\mockito-core\src\test\java\org\mockito\MockitoTest.java
C:\Users\simon\Documents\Code\thesis-code\mockito-main\mockito-core\src\main,C:\Users\simon\Documents\Code\thesis-code\mockito-main\mockito-core\src\test\java\org\mockito\MockTest.java
C:\Users\simon\Documents\Code\thesis-code\mockito-main\mockito-core\src\main,C:\Users\simon\Documents\Code\thesis-code\mockito-main\mockito-core\src\test\java\org\mockito\PrematureGarbageCollectionTest.java
C:\Users\simon\Documents\Code\thesis-code\mockito-main\mockito-core\src\main,C:\Users\simon\Documents\Code\thesis-code\mockito-main\mockito-core\src\test\java\org\mockito\StaticMockingExperimentTest.java
C:\Users\simon\Documents\Code\thesis-code\mockito-main\mockito-core\src\main,C:\Users\simon\Documents\Code\thesis-code\mockito-main\mockito-core\src\test\java\org\mockito\verification\NegativeDurationTest.java
C:\Users\simon\Documents\Code\thesis-code\mockito-main\mockito-core\src\main,C:\Users\simon\Documents\Code\thesis-code\mockito-main\mockito-core\src\test\java\org\mockito\verification\TimeoutTest.java
C:\Users\simon\Documents\Code\thesis-code\mockito-main\mockito-core\src\main,C:\Users\simon\Documents\Code\thesis-code\mockito-main\mockito-core\src\test\java\org\mockitointegration\DeferMockMakersClassLoadingTest.java
C:\Users\simon\Documents\Code\thesis-code\mockito-main\mockito-core\src\main,C:\Users\simon\Documents\Code\thesis-code\mockito-main\mockito-core\src\test\java\org\mockitointegration\NoByteCodeDependenciesTest.java
C:\Users\simon\Documents\Code\thesis-code\mockito-main\mockito-core\src\main,C:\Users\simon\Documents\Code\thesis-code\mockito-main\mockito-core\src\test\java\org\mockitointegration\NoJUnitDependenciesTest.java
C:\Users\simon\Documents\Code\thesis-code\mockito-main\mockito-core\src\main,C:\Users\simon\Documents\Code\thesis-code\mockito-main\mockito-core\src\test\java\org\mockitousage\annotation\AnnotationsTest.java
C:\Users\simon\Documents\Code\thesis-code\mockito-main\mockito-core\src\main,C:\Users\simon\Documents\Code\thesis-code\mockito-main\mockito-core\src\test\java\org\mockitousage\annotation\CaptorAnnotationBasicTest.java
C:\Users\simon\Documents\Code\thesis-code\mockito-main\mockito-core\src\main,C:\Users\simon\Documents\Code\thesis-code\mockito-main\mockito-core\src\test\java\org\mockitousage\annotation\CaptorAnnotationTest.java
C:\Users\simon\Documents\Code\thesis-code\mockito-main\mockito-core\src\main,C:\Users\simon\Documents\Code\thesis-code\mockito-main\mockito-core\src\test\java\org\mockitousage\annotation\CaptorAnnotationUnhappyPathTest.java
C:\Users\simon\Documents\Code\thesis-code\mockito-main\mockito-core\src\main,C:\Users\simon\Documents\Code\thesis-code\mockito-main\mockito-core\src\test\java\org\mockitousage\annotation\DoNotMockTest.java
C:\Users\simon\Documents\Code\thesis-code\mockito-main\mockito-core\src\main,C:\Users\simon\Documents\Code\thesis-code\mockito-main\mockito-core\src\test\java\org\mockitousage\annotation\InjectionOfInlinedMockDeclarationTest.java
C:\Users\simon\Documents\Code\thesis-code\mockito-main\mockito-core\src\main,C:\Users\simon\Documents\Code\thesis-code\mockito-main\mockito-core\src\test\java\org\mockitousage\annotation\MockInjectionUsingConstructorIssue421Test.java
C:\Users\simon\Documents\Code\thesis-code\mockito-main\mockito-core\src\main,C:\Users\simon\Documents\Code\thesis-code\mockito-main\mockito-core\src\test\java\org\mockitousage\annotation\MockInjectionUsingConstructorTest.java
C:\Users\simon\Documents\Code\thesis-code\mockito-main\mockito-core\src\main,C:\Users\simon\Documents\Code\thesis-code\mockito-main\mockito-core\src\test\java\org\mockitousage\annotation\MockInjectionUsingSetterOrPropertyTest.java
C:\Users\simon\Documents\Code\thesis-code\mockito-main\mockito-core\src\main,C:\Users\simon\Documents\Code\thesis-code\mockito-main\mockito-core\src\test\java\org\mockitousage\annotation\SpyAnnotationInitializedInBaseClassTest.java
C:\Users\simon\Documents\Code\thesis-code\mockito-main\mockito-core\src\main,C:\Users\simon\Documents\Code\thesis-code\mockito-main\mockito-core\src\test\java\org\mockitousage\annotation\SpyAnnotationTest.java
C:\Users\simon\Documents\Code\thesis-code\mockito-main\mockito-core\src\main,C:\Users\simon\Documents\Code\thesis-code\mockito-main\mockito-core\src\test\java\org\mockitousage\annotation\SpyInjectionTest.java
C:\Users\simon\Documents\Code\thesis-code\mockito-main\mockito-core\src\main,C:\Users\simon\Documents\Code\thesis-code\mockito-main\mockito-core\src\test\java\org\mockitousage\annotation\WrongSetOfAnnotationsTest.java
C:\Users\simon\Documents\Code\thesis-code\mockito-main\mockito-core\src\main,C:\Users\simon\Documents\Code\thesis-code\mockito-main\mockito-core\src\test\java\org\mockitousage\basicapi\MockAccessTest.java
C:\Users\simon\Documents\Code\thesis-code\mockito-main\mockito-core\src\main,C:\Users\simon\Documents\Code\thesis-code\mockito-main\mockito-core\src\test\java\org\mockitousage\basicapi\MockingMultipleInterfacesTest.java
C:\Users\simon\Documents\Code\thesis-code\mockito-main\mockito-core\src\main,C:\Users\simon\Documents\Code\thesis-code\mockito-main\mockito-core\src\test\java\org\mockitousage\basicapi\MocksCreationTest.java
C:\Users\simon\Documents\Code\thesis-code\mockito-main\mockito-core\src\main,C:\Users\simon\Documents\Code\thesis-code\mockito-main\mockito-core\src\test\java\org\mockitousage\basicapi\MocksSerializationForAnnotationTest.java
C:\Users\simon\Documents\Code\thesis-code\mockito-main\mockito-core\src\main,C:\Users\simon\Documents\Code\thesis-code\mockito-main\mockito-core\src\test\java\org\mockitousage\basicapi\MocksSerializationTest.java
C:\Users\simon\Documents\Code\thesis-code\mockito-main\mockito-core\src\main,C:\Users\simon\Documents\Code\thesis-code\mockito-main\mockito-core\src\test\java\org\mockitousage\basicapi\ObjectsSerializationTest.java
C:\Users\simon\Documents\Code\thesis-code\mockito-main\mockito-core\src\main,C:\Users\simon\Documents\Code\thesis-code\mockito-main\mockito-core\src\test\java\org\mockitousage\basicapi\ReplacingObjectMethodsTest.java
C:\Users\simon\Documents\Code\thesis-code\mockito-main\mockito-core\src\main,C:\Users\simon\Documents\Code\thesis-code\mockito-main\mockito-core\src\test\java\org\mockitousage\basicapi\ResetInvocationsTest.java
C:\Users\simon\Documents\Code\thesis-code\mockito-main\mockito-core\src\main,C:\Users\simon\Documents\Code\thesis-code\mockito-main\mockito-core\src\test\java\org\mockitousage\basicapi\ResetTest.java
C:\Users\simon\Documents\Code\thesis-code\mockito-main\mockito-core\src\main,C:\Users\simon\Documents\Code\thesis-code\mockito-main\mockito-core\src\test\java\org\mockitousage\basicapi\UsingVarargsTest.java
C:\Users\simon\Documents\Code\thesis-code\mockito-main\mockito-core\src\main,C:\Users\simon\Documents\Code\thesis-code\mockito-main\mockito-core\src\test\java\org\mockitousage\bugs\ActualInvocationHasNullArgumentNPEBugTest.java
C:\Users\simon\Documents\Code\thesis-code\mockito-main\mockito-core\src\main,C:\Users\simon\Documents\Code\thesis-code\mockito-main\mockito-core\src\test\java\org\mockitousage\bugs\AIOOBExceptionWithAtLeastTest.java
C:\Users\simon\Documents\Code\thesis-code\mockito-main\mockito-core\src\main,C:\Users\simon\Documents\Code\thesis-code\mockito-main\mockito-core\src\test\java\org\mockitousage\bugs\ArgumentCaptorDontCapturePreviouslyVerifiedTest.java
C:\Users\simon\Documents\Code\thesis-code\mockito-main\mockito-core\src\main,C:\Users\simon\Documents\Code\thesis-code\mockito-main\mockito-core\src\test\java\org\mockitousage\bugs\BridgeMethodsHitAgainTest.java
C:\Users\simon\Documents\Code\thesis-code\mockito-main\mockito-core\src\main,C:\Users\simon\Documents\Code\thesis-code\mockito-main\mockito-core\src\test\java\org\mockitousage\bugs\CaptorAnnotationAutoboxingTest.java
C:\Users\simon\Documents\Code\thesis-code\mockito-main\mockito-core\src\main,C:\Users\simon\Documents\Code\thesis-code\mockito-main\mockito-core\src\test\java\org\mockitousage\bugs\ClassCastExOnVerifyZeroInteractionsTest.java
C:\Users\simon\Documents\Code\thesis-code\mockito-main\mockito-core\src\main,C:\Users\simon\Documents\Code\thesis-code\mockito-main\mockito-core\src\test\java\org\mockitousage\bugs\CompareMatcherTest.java
C:\Users\simon\Documents\Code\thesis-code\mockito-main\mockito-core\src\main,C:\Users\simon\Documents\Code\thesis-code\mockito-main\mockito-core\src\test\java\org\mockitousage\bugs\ConcurrentModificationExceptionOnMultiThreadedVerificationTest.java
C:\Users\simon\Documents\Code\thesis-code\mockito-main\mockito-core\src\main,C:\Users\simon\Documents\Code\thesis-code\mockito-main\mockito-core\src\test\java\org\mockitousage\bugs\ConfusedSignatureTest.java
C:\Users\simon\Documents\Code\thesis-code\mockito-main\mockito-core\src\main,C:\Users\simon\Documents\Code\thesis-code\mockito-main\mockito-core\src\test\java\org\mockitousage\bugs\CovariantOverrideTest.java
C:\Users\simon\Documents\Code\thesis-code\mockito-main\mockito-core\src\main,C:\Users\simon\Documents\Code\thesis-code\mockito-main\mockito-core\src\test\java\org\mockitousage\bugs\creation\ConstructorInvokingMethodShouldNotRaiseExceptionTest.java
C:\Users\simon\Documents\Code\thesis-code\mockito-main\mockito-core\src\main,C:\Users\simon\Documents\Code\thesis-code\mockito-main\mockito-core\src\test\java\org\mockitousage\bugs\creation\MockClassWithMissingStaticDepTest.java
C:\Users\simon\Documents\Code\thesis-code\mockito-main\mockito-core\src\main,C:\Users\simon\Documents\Code\thesis-code\mockito-main\mockito-core\src\test\java\org\mockitousage\bugs\creation\PackagePrivateWithContextClassLoaderTest.java
C:\Users\simon\Documents\Code\thesis-code\mockito-main\mockito-core\src\main,C:\Users\simon\Documents\Code\thesis-code\mockito-main\mockito-core\src\test\java\org\mockitousage\bugs\creation\PublicMethodInParentWithNonPublicTypeInSignatureTest.java
C:\Users\simon\Documents\Code\thesis-code\mockito-main\mockito-core\src\main,C:\Users\simon\Documents\Code\thesis-code\mockito-main\mockito-core\src\test\java\org\mockitousage\bugs\creation\ShouldAllowInlineMockCreationTest.java
C:\Users\simon\Documents\Code\thesis-code\mockito-main\mockito-core\src\main,C:\Users\simon\Documents\Code\thesis-code\mockito-main\mockito-core\src\test\java\org\mockitousage\bugs\deepstubs\DeepStubFailingWhenGenericNestedAsRawTypeTest.java
C:\Users\simon\Documents\Code\thesis-code\mockito-main\mockito-core\src\main,C:\Users\simon\Documents\Code\thesis-code\mockito-main\mockito-core\src\test\java\org\mockitousage\bugs\deepstubs\DeepStubsWronglyReportsSerializationProblemsTest.java
C:\Users\simon\Documents\Code\thesis-code\mockito-main\mockito-core\src\main,C:\Users\simon\Documents\Code\thesis-code\mockito-main\mockito-core\src\test\java\org\mockitousage\bugs\DiamondInheritanceIsConfusingMockitoTest.java
C:\Users\simon\Documents\Code\thesis-code\mockito-main\mockito-core\src\main,C:\Users\simon\Documents\Code\thesis-code\mockito-main\mockito-core\src\test\java\org\mockitousage\bugs\EnabledMockingInterfaceCloneMethodTest.java
C:\Users\simon\Documents\Code\thesis-code\mockito-main\mockito-core\src\main,C:\Users\simon\Documents\Code\thesis-code\mockito-main\mockito-core\src\test\java\org\mockitousage\bugs\EqualsWithDeltaTest.java
C:\Users\simon\Documents\Code\thesis-code\mockito-main\mockito-core\src\main,C:\Users\simon\Documents\Code\thesis-code\mockito-main\mockito-core\src\test\java\org\mockitousage\bugs\FillInStackTraceScenariosTest.java
C:\Users\simon\Documents\Code\thesis-code\mockito-main\mockito-core\src\main,C:\Users\simon\Documents\Code\thesis-code\mockito-main\mockito-core\src\test\java\org\mockitousage\bugs\FinalHashCodeAndEqualsRaiseNPEInInitMocksTest.java
C:\Users\simon\Documents\Code\thesis-code\mockito-main\mockito-core\src\main,C:\Users\simon\Documents\Code\thesis-code\mockito-main\mockito-core\src\test\java\org\mockitousage\bugs\GenericsMockitoAnnotationsTest.java
C:\Users\simon\Documents\Code\thesis-code\mockito-main\mockito-core\src\main,C:\Users\simon\Documents\Code\thesis-code\mockito-main\mockito-core\src\test\java\org\mockitousage\bugs\ImplementationOfGenericAbstractMethodNotInvokedOnSpyTest.java
C:\Users\simon\Documents\Code\thesis-code\mockito-main\mockito-core\src\main,C:\Users\simon\Documents\Code\thesis-code\mockito-main\mockito-core\src\test\java\org\mockitousage\bugs\InheritedGenericsPolimorphicCallTest.java
C:\Users\simon\Documents\Code\thesis-code\mockito-main\mockito-core\src\main,C:\Users\simon\Documents\Code\thesis-code\mockito-main\mockito-core\src\test\java\org\mockitousage\bugs\injection\ChildWithSameParentFieldInjectionTest.java
C:\Users\simon\Documents\Code\thesis-code\mockito-main\mockito-core\src\main,C:\Users\simon\Documents\Code\thesis-code\mockito-main\mockito-core\src\test\java\org\mockitousage\bugs\injection\InjectionByTypeShouldFirstLookForExactTypeThenAncestorTest.java
C:\Users\simon\Documents\Code\thesis-code\mockito-main\mockito-core\src\main,C:\Users\simon\Documents\Code\thesis-code\mockito-main\mockito-core\src\test\java\org\mockitousage\bugs\injection\InjectMocksShouldTryPropertySettersFirstBeforeFieldAccessTest.java
C:\Users\simon\Documents\Code\thesis-code\mockito-main\mockito-core\src\main,C:\Users\simon\Documents\Code\thesis-code\mockito-main\mockito-core\src\test\java\org\mockitousage\bugs\injection\Issue353InjectionMightNotHappenInCertainConfigurationTest.java
C:\Users\simon\Documents\Code\thesis-code\mockito-main\mockito-core\src\main,C:\Users\simon\Documents\Code\thesis-code\mockito-main\mockito-core\src\test\java\org\mockitousage\bugs\injection\ParentTestMockInjectionTest.java
C:\Users\simon\Documents\Code\thesis-code\mockito-main\mockito-core\src\main,C:\Users\simon\Documents\Code\thesis-code\mockito-main\mockito-core\src\test\java\org\mockitousage\bugs\injection\ShouldNotTryToInjectInFinalOrStaticFieldsTest.java
C:\Users\simon\Documents\Code\thesis-code\mockito-main\mockito-core\src\main,C:\Users\simon\Documents\Code\thesis-code\mockito-main\mockito-core\src\test\java\org\mockitousage\bugs\IOOBExceptionShouldNotBeThrownWhenNotCodingFluentlyTest.java
C:\Users\simon\Documents\Code\thesis-code\mockito-main\mockito-core\src\main,C:\Users\simon\Documents\Code\thesis-code\mockito-main\mockito-core\src\test\java\org\mockitousage\bugs\ListenersLostOnResetMockTest.java
C:\Users\simon\Documents\Code\thesis-code\mockito-main\mockito-core\src\main,C:\Users\simon\Documents\Code\thesis-code\mockito-main\mockito-core\src\test\java\org\mockitousage\bugs\MockitoStubbedCallInAnswerTest.java
C:\Users\simon\Documents\Code\thesis-code\mockito-main\mockito-core\src\main,C:\Users\simon\Documents\Code\thesis-code\mockito-main\mockito-core\src\test\java\org\mockitousage\bugs\MultipleInOrdersTest.java
C:\Users\simon\Documents\Code\thesis-code\mockito-main\mockito-core\src\main,C:\Users\simon\Documents\Code\thesis-code\mockito-main\mockito-core\src\test\java\org\mockitousage\bugs\MultithreadedStubbingHalfManualTest.java
C:\Users\simon\Documents\Code\thesis-code\mockito-main\mockito-core\src\main,C:\Users\simon\Documents\Code\thesis-code\mockito-main\mockito-core\src\test\java\org\mockitousage\bugs\NPEOnAnyClassMatcherAutounboxTest.java
C:\Users\simon\Documents\Code\thesis-code\mockito-main\mockito-core\src\main,C:\Users\simon\Documents\Code\thesis-code\mockito-main\mockito-core\src\test\java\org\mockitousage\bugs\NPEWhenMockingThrowablesTest.java
C:\Users\simon\Documents\Code\thesis-code\mockito-main\mockito-core\src\main,C:\Users\simon\Documents\Code\thesis-code\mockito-main\mockito-core\src\test\java\org\mockitousage\bugs\NPEWithCertainMatchersTest.java
C:\Users\simon\Documents\Code\thesis-code\mockito-main\mockito-core\src\main,C:\Users\simon\Documents\Code\thesis-code\mockito-main\mockito-core\src\test\java\org\mockitousage\bugs\ShouldMocksCompareToBeConsistentWithEqualsTest.java
C:\Users\simon\Documents\Code\thesis-code\mockito-main\mockito-core\src\main,C:\Users\simon\Documents\Code\thesis-code\mockito-main\mockito-core\src\test\java\org\mockitousage\bugs\ShouldNotDeadlockAnswerExecutionTest.java
C:\Users\simon\Documents\Code\thesis-code\mockito-main\mockito-core\src\main,C:\Users\simon\Documents\Code\thesis-code\mockito-main\mockito-core\src\test\java\org\mockitousage\bugs\ShouldOnlyModeAllowCapturingArgumentsTest.java
C:\Users\simon\Documents\Code\thesis-code\mockito-main\mockito-core\src\main,C:\Users\simon\Documents\Code\thesis-code\mockito-main\mockito-core\src\test\java\org\mockitousage\bugs\SpyShouldHaveNiceNameTest.java
C:\Users\simon\Documents\Code\thesis-code\mockito-main\mockito-core\src\main,C:\Users\simon\Documents\Code\thesis-code\mockito-main\mockito-core\src\test\java\org\mockitousage\bugs\StubbingMocksThatAreConfiguredToReturnMocksTest.java
C:\Users\simon\Documents\Code\thesis-code\mockito-main\mockito-core\src\main,C:\Users\simon\Documents\Code\thesis-code\mockito-main\mockito-core\src\test\java\org\mockitousage\bugs\ThreadLocalTest.java
C:\Users\simon\Documents\Code\thesis-code\mockito-main\mockito-core\src\main,C:\Users\simon\Documents\Code\thesis-code\mockito-main\mockito-core\src\test\java\org\mockitousage\bugs\varargs\VarargsAndAnyPicksUpExtraInvocationsTest.java
C:\Users\simon\Documents\Code\thesis-code\mockito-main\mockito-core\src\main,C:\Users\simon\Documents\Code\thesis-code\mockito-main\mockito-core\src\test\java\org\mockitousage\bugs\varargs\VarargsErrorWhenCallingRealMethodTest.java
C:\Users\simon\Documents\Code\thesis-code\mockito-main\mockito-core\src\main,C:\Users\simon\Documents\Code\thesis-code\mockito-main\mockito-core\src\test\java\org\mockitousage\bugs\VerifyingWithAnExtraCallToADifferentMockTest.java
C:\Users\simon\Documents\Code\thesis-code\mockito-main\mockito-core\src\main,C:\Users\simon\Documents\Code\thesis-code\mockito-main\mockito-core\src\test\java\org\mockitousage\CompilationWarningsTest.java
C:\Users\simon\Documents\Code\thesis-code\mockito-main\mockito-core\src\main,C:\Users\simon\Documents\Code\thesis-code\mockito-main\mockito-core\src\test\java\org\mockitousage\configuration\ClassCacheVersusClassReloadingTest.java
C:\Users\simon\Documents\Code\thesis-code\mockito-main\mockito-core\src\main,C:\Users\simon\Documents\Code\thesis-code\mockito-main\mockito-core\src\test\java\org\mockitousage\constructor\CreatingMocksWithConstructorTest.java
C:\Users\simon\Documents\Code\thesis-code\mockito-main\mockito-core\src\main,C:\Users\simon\Documents\Code\thesis-code\mockito-main\mockito-core\src\test\java\org\mockitousage\customization\BDDMockitoTest.java
C:\Users\simon\Documents\Code\thesis-code\mockito-main\mockito-core\src\main,C:\Users\simon\Documents\Code\thesis-code\mockito-main\mockito-core\src\test\java\org\mockitousage\debugging\InvocationListenerCallbackTest.java
C:\Users\simon\Documents\Code\thesis-code\mockito-main\mockito-core\src\main,C:\Users\simon\Documents\Code\thesis-code\mockito-main\mockito-core\src\test\java\org\mockitousage\debugging\InvocationsPrinterTest.java
C:\Users\simon\Documents\Code\thesis-code\mockito-main\mockito-core\src\main,C:\Users\simon\Documents\Code\thesis-code\mockito-main\mockito-core\src\test\java\org\mockitousage\debugging\StubbingLookupListenerCallbackTest.java
C:\Users\simon\Documents\Code\thesis-code\mockito-main\mockito-core\src\main,C:\Users\simon\Documents\Code\thesis-code\mockito-main\mockito-core\src\test\java\org\mockitousage\debugging\VerboseLoggingOfInvocationsOnMockTest.java
C:\Users\simon\Documents\Code\thesis-code\mockito-main\mockito-core\src\main,C:\Users\simon\Documents\Code\thesis-code\mockito-main\mockito-core\src\test\java\org\mockitousage\debugging\VerificationListenerCallBackTest.java
C:\Users\simon\Documents\Code\thesis-code\mockito-main\mockito-core\src\main,C:\Users\simon\Documents\Code\thesis-code\mockito-main\mockito-core\src\test\java\org\mockitousage\examples\use\ExampleTest.java
C:\Users\simon\Documents\Code\thesis-code\mockito-main\mockito-core\src\main,C:\Users\simon\Documents\Code\thesis-code\mockito-main\mockito-core\src\test\java\org\mockitousage\internal\debugging\LocationFactoryTest.java
C:\Users\simon\Documents\Code\thesis-code\mockito-main\mockito-core\src\main,C:\Users\simon\Documents\Code\thesis-code\mockito-main\mockito-core\src\test\java\org\mockitousage\internal\junit\UnusedStubbingsFinderTest.java
C:\Users\simon\Documents\Code\thesis-code\mockito-main\mockito-core\src\main,C:\Users\simon\Documents\Code\thesis-code\mockito-main\mockito-core\src\test\java\org\mockitousage\jls\JLS_15_12_2_5Test.java
C:\Users\simon\Documents\Code\thesis-code\mockito-main\mockito-core\src\main,C:\Users\simon\Documents\Code\thesis-code\mockito-main\mockito-core\src\test\java\org\mockitousage\junitrule\InvalidTargetMockitoJUnitRuleTest.java
C:\Users\simon\Documents\Code\thesis-code\mockito-main\mockito-core\src\main,C:\Users\simon\Documents\Code\thesis-code\mockito-main\mockito-core\src\test\java\org\mockitousage\junitrule\JUnitTestRuleIntegratesWithRuleChainTest.java
C:\Users\simon\Documents\Code\thesis-code\mockito-main\mockito-core\src\main,C:\Users\simon\Documents\Code\thesis-code\mockito-main\mockito-core\src\test\java\org\mockitousage\junitrule\LenientJUnitRuleTest.java
C:\Users\simon\Documents\Code\thesis-code\mockito-main\mockito-core\src\main,C:\Users\simon\Documents\Code\thesis-code\mockito-main\mockito-core\src\test\java\org\mockitousage\junitrule\MockitoJUnitRuleTest.java
C:\Users\simon\Documents\Code\thesis-code\mockito-main\mockito-core\src\main,C:\Users\simon\Documents\Code\thesis-code\mockito-main\mockito-core\src\test\java\org\mockitousage\junitrule\MockitoJUnitTestRuleTest.java
C:\Users\simon\Documents\Code\thesis-code\mockito-main\mockito-core\src\main,C:\Users\simon\Documents\Code\thesis-code\mockito-main\mockito-core\src\test\java\org\mockitousage\junitrule\MutableStrictJUnitRuleTest.java
C:\Users\simon\Documents\Code\thesis-code\mockito-main\mockito-core\src\main,C:\Users\simon\Documents\Code\thesis-code\mockito-main\mockito-core\src\test\java\org\mockitousage\junitrule\MutableStrictJUnitTestRuleTest.java
C:\Users\simon\Documents\Code\thesis-code\mockito-main\mockito-core\src\main,C:\Users\simon\Documents\Code\thesis-code\mockito-main\mockito-core\src\test\java\org\mockitousage\junitrule\RuleTestWithFactoryMethodTest.java
C:\Users\simon\Documents\Code\thesis-code\mockito-main\mockito-core\src\main,C:\Users\simon\Documents\Code\thesis-code\mockito-main\mockito-core\src\test\java\org\mockitousage\junitrule\RuleTestWithParameterConstructorTest.java
C:\Users\simon\Documents\Code\thesis-code\mockito-main\mockito-core\src\main,C:\Users\simon\Documents\Code\thesis-code\mockito-main\mockito-core\src\test\java\org\mockitousage\junitrule\StrictJUnitRuleTest.java
C:\Users\simon\Documents\Code\thesis-code\mockito-main\mockito-core\src\main,C:\Users\simon\Documents\Code\thesis-code\mockito-main\mockito-core\src\test\java\org\mockitousage\junitrule\StubbingWarningsJUnitRuleTest.java
C:\Users\simon\Documents\Code\thesis-code\mockito-main\mockito-core\src\main,C:\Users\simon\Documents\Code\thesis-code\mockito-main\mockito-core\src\test\java\org\mockitousage\junitrule\StubbingWarningsMultiThreadingTest.java
C:\Users\simon\Documents\Code\thesis-code\mockito-main\mockito-core\src\main,C:\Users\simon\Documents\Code\thesis-code\mockito-main\mockito-core\src\test\java\org\mockitousage\junitrule\VerificationCollectorImplTest.java
C:\Users\simon\Documents\Code\thesis-code\mockito-main\mockito-core\src\main,C:\Users\simon\Documents\Code\thesis-code\mockito-main\mockito-core\src\test\java\org\mockitousage\junitrunner\DeepStubbingWithJUnitRunnerTest.java
C:\Users\simon\Documents\Code\thesis-code\mockito-main\mockito-core\src\main,C:\Users\simon\Documents\Code\thesis-code\mockito-main\mockito-core\src\test\java\org\mockitousage\junitrunner\JUnit45RunnerTest.java
C:\Users\simon\Documents\Code\thesis-code\mockito-main\mockito-core\src\main,C:\Users\simon\Documents\Code\thesis-code\mockito-main\mockito-core\src\test\java\org\mockitousage\junitrunner\ModellingVerboseMockitoTest.java
C:\Users\simon\Documents\Code\thesis-code\mockito-main\mockito-core\src\main,C:\Users\simon\Documents\Code\thesis-code\mockito-main\mockito-core\src\test\java\org\mockitousage\junitrunner\SilentRunnerTest.java
C:\Users\simon\Documents\Code\thesis-code\mockito-main\mockito-core\src\main,C:\Users\simon\Documents\Code\thesis-code\mockito-main\mockito-core\src\test\java\org\mockitousage\junitrunner\StrictRunnerTest.java
C:\Users\simon\Documents\Code\thesis-code\mockito-main\mockito-core\src\main,C:\Users\simon\Documents\Code\thesis-code\mockito-main\mockito-core\src\test\java\org\mockitousage\junitrunner\StrictStubsRunnerTest.java
C:\Users\simon\Documents\Code\thesis-code\mockito-main\mockito-core\src\main,C:\Users\simon\Documents\Code\thesis-code\mockito-main\mockito-core\src\test\java\org\mockitousage\junitrunner\StubbingWarningsJUnitRunnerTest.java
C:\Users\simon\Documents\Code\thesis-code\mockito-main\mockito-core\src\main,C:\Users\simon\Documents\Code\thesis-code\mockito-main\mockito-core\src\test\java\org\mockitousage\junitrunner\UnusedStubsExceptionMessageTest.java
C:\Users\simon\Documents\Code\thesis-code\mockito-main\mockito-core\src\main,C:\Users\simon\Documents\Code\thesis-code\mockito-main\mockito-core\src\test\java\org\mockitousage\matchers\AdditionalMatcherTest.java
C:\Users\simon\Documents\Code\thesis-code\mockito-main\mockito-core\src\main,C:\Users\simon\Documents\Code\thesis-code\mockito-main\mockito-core\src\test\java\org\mockitousage\matchers\AnyXMatchersAcceptNullsTest.java
C:\Users\simon\Documents\Code\thesis-code\mockito-main\mockito-core\src\main,C:\Users\simon\Documents\Code\thesis-code\mockito-main\mockito-core\src\test\java\org\mockitousage\matchers\CapturingArgumentsTest.java
C:\Users\simon\Documents\Code\thesis-code\mockito-main\mockito-core\src\main,C:\Users\simon\Documents\Code\thesis-code\mockito-main\mockito-core\src\test\java\org\mockitousage\matchers\CustomMatcherDoesYieldCCETest.java
C:\Users\simon\Documents\Code\thesis-code\mockito-main\mockito-core\src\main,C:\Users\simon\Documents\Code\thesis-code\mockito-main\mockito-core\src\test\java\org\mockitousage\matchers\CustomMatchersTest.java
C:\Users\simon\Documents\Code\thesis-code\mockito-main\mockito-core\src\main,C:\Users\simon\Documents\Code\thesis-code\mockito-main\mockito-core\src\test\java\org\mockitousage\matchers\GenericMatchersTest.java
C:\Users\simon\Documents\Code\thesis-code\mockito-main\mockito-core\src\main,C:\Users\simon\Documents\Code\thesis-code\mockito-main\mockito-core\src\test\java\org\mockitousage\matchers\HamcrestMatchersTest.java
C:\Users\simon\Documents\Code\thesis-code\mockito-main\mockito-core\src\main,C:\Users\simon\Documents\Code\thesis-code\mockito-main\mockito-core\src\test\java\org\mockitousage\matchers\InvalidUseOfMatchersTest.java
C:\Users\simon\Documents\Code\thesis-code\mockito-main\mockito-core\src\main,C:\Users\simon\Documents\Code\thesis-code\mockito-main\mockito-core\src\test\java\org\mockitousage\matchers\MatchersMixedWithRawArgumentsTest.java
C:\Users\simon\Documents\Code\thesis-code\mockito-main\mockito-core\src\main,C:\Users\simon\Documents\Code\thesis-code\mockito-main\mockito-core\src\test\java\org\mockitousage\matchers\MatchersTest.java
C:\Users\simon\Documents\Code\thesis-code\mockito-main\mockito-core\src\main,C:\Users\simon\Documents\Code\thesis-code\mockito-main\mockito-core\src\test\java\org\mockitousage\matchers\MoreMatchersTest.java
C:\Users\simon\Documents\Code\thesis-code\mockito-main\mockito-core\src\main,C:\Users\simon\Documents\Code\thesis-code\mockito-main\mockito-core\src\test\java\org\mockitousage\matchers\NewMatchersTest.java
C:\Users\simon\Documents\Code\thesis-code\mockito-main\mockito-core\src\main,C:\Users\simon\Documents\Code\thesis-code\mockito-main\mockito-core\src\test\java\org\mockitousage\matchers\ReflectionMatchersTest.java
C:\Users\simon\Documents\Code\thesis-code\mockito-main\mockito-core\src\main,C:\Users\simon\Documents\Code\thesis-code\mockito-main\mockito-core\src\test\java\org\mockitousage\matchers\VarargsTest.java
C:\Users\simon\Documents\Code\thesis-code\mockito-main\mockito-core\src\main,C:\Users\simon\Documents\Code\thesis-code\mockito-main\mockito-core\src\test\java\org\mockitousage\matchers\VerificationAndStubbingUsingMatchersTest.java
C:\Users\simon\Documents\Code\thesis-code\mockito-main\mockito-core\src\main,C:\Users\simon\Documents\Code\thesis-code\mockito-main\mockito-core\src\test\java\org\mockitousage\misuse\CleaningUpPotentialStubbingTest.java
C:\Users\simon\Documents\Code\thesis-code\mockito-main\mockito-core\src\main,C:\Users\simon\Documents\Code\thesis-code\mockito-main\mockito-core\src\test\java\org\mockitousage\misuse\DescriptiveMessagesOnMisuseTest.java
C:\Users\simon\Documents\Code\thesis-code\mockito-main\mockito-core\src\main,C:\Users\simon\Documents\Code\thesis-code\mockito-main\mockito-core\src\test\java\org\mockitousage\misuse\DetectingFinalMethodsTest.java
C:\Users\simon\Documents\Code\thesis-code\mockito-main\mockito-core\src\main,C:\Users\simon\Documents\Code\thesis-code\mockito-main\mockito-core\src\test\java\org\mockitousage\misuse\DetectingMisusedMatchersTest.java
C:\Users\simon\Documents\Code\thesis-code\mockito-main\mockito-core\src\main,C:\Users\simon\Documents\Code\thesis-code\mockito-main\mockito-core\src\test\java\org\mockitousage\misuse\ExplicitFrameworkValidationTest.java
C:\Users\simon\Documents\Code\thesis-code\mockito-main\mockito-core\src\main,C:\Users\simon\Documents\Code\thesis-code\mockito-main\mockito-core\src\test\java\org\mockitousage\misuse\InvalidUsageTest.java
C:\Users\simon\Documents\Code\thesis-code\mockito-main\mockito-core\src\main,C:\Users\simon\Documents\Code\thesis-code\mockito-main\mockito-core\src\test\java\org\mockitousage\misuse\RestrictedObjectMethodsTest.java
C:\Users\simon\Documents\Code\thesis-code\mockito-main\mockito-core\src\main,C:\Users\simon\Documents\Code\thesis-code\mockito-main\mockito-core\src\test\java\org\mockitousage\packageprotected\MockingPackageProtectedTest.java
C:\Users\simon\Documents\Code\thesis-code\mockito-main\mockito-core\src\main,C:\Users\simon\Documents\Code\thesis-code\mockito-main\mockito-core\src\test\java\org\mockitousage\performance\LoadsOfMocksTest.java
C:\Users\simon\Documents\Code\thesis-code\mockito-main\mockito-core\src\main,C:\Users\simon\Documents\Code\thesis-code\mockito-main\mockito-core\src\test\java\org\mockitousage\performance\StubOnlyAvoidMemoryConsumptionTest.java
C:\Users\simon\Documents\Code\thesis-code\mockito-main\mockito-core\src\main,C:\Users\simon\Documents\Code\thesis-code\mockito-main\mockito-core\src\test\java\org\mockitousage\PlaygroundTest.java
C:\Users\simon\Documents\Code\thesis-code\mockito-main\mockito-core\src\main,C:\Users\simon\Documents\Code\thesis-code\mockito-main\mockito-core\src\test\java\org\mockitousage\PlaygroundWithDemoOfUnclonedParametersProblemTest.java
C:\Users\simon\Documents\Code\thesis-code\mockito-main\mockito-core\src\main,C:\Users\simon\Documents\Code\thesis-code\mockito-main\mockito-core\src\test\java\org\mockitousage\plugins\MockitoPluginsTest.java
C:\Users\simon\Documents\Code\thesis-code\mockito-main\mockito-core\src\main,C:\Users\simon\Documents\Code\thesis-code\mockito-main\mockito-core\src\test\java\org\mockitousage\puzzlers\BridgeMethodPuzzleTest.java
C:\Users\simon\Documents\Code\thesis-code\mockito-main\mockito-core\src\main,C:\Users\simon\Documents\Code\thesis-code\mockito-main\mockito-core\src\test\java\org\mockitousage\puzzlers\OverloadingPuzzleTest.java
C:\Users\simon\Documents\Code\thesis-code\mockito-main\mockito-core\src\main,C:\Users\simon\Documents\Code\thesis-code\mockito-main\mockito-core\src\test\java\org\mockitousage\serialization\AcrossClassLoaderSerializationTest.java
C:\Users\simon\Documents\Code\thesis-code\mockito-main\mockito-core\src\main,C:\Users\simon\Documents\Code\thesis-code\mockito-main\mockito-core\src\test\java\org\mockitousage\serialization\DeepStubsSerializableTest.java
C:\Users\simon\Documents\Code\thesis-code\mockito-main\mockito-core\src\main,C:\Users\simon\Documents\Code\thesis-code\mockito-main\mockito-core\src\test\java\org\mockitousage\serialization\ParallelSerializationTest.java
C:\Users\simon\Documents\Code\thesis-code\mockito-main\mockito-core\src\main,C:\Users\simon\Documents\Code\thesis-code\mockito-main\mockito-core\src\test\java\org\mockitousage\serialization\StrictStubsSerializableTest.java
C:\Users\simon\Documents\Code\thesis-code\mockito-main\mockito-core\src\main,C:\Users\simon\Documents\Code\thesis-code\mockito-main\mockito-core\src\test\java\org\mockitousage\session\MockitoSessionTest.java
C:\Users\simon\Documents\Code\thesis-code\mockito-main\mockito-core\src\main,C:\Users\simon\Documents\Code\thesis-code\mockito-main\mockito-core\src\test\java\org\mockitousage\spies\PartialMockingWithSpiesTest.java
C:\Users\simon\Documents\Code\thesis-code\mockito-main\mockito-core\src\main,C:\Users\simon\Documents\Code\thesis-code\mockito-main\mockito-core\src\test\java\org\mockitousage\spies\SpiesWithRealEqualsAndInOrderTest.java
C:\Users\simon\Documents\Code\thesis-code\mockito-main\mockito-core\src\main,C:\Users\simon\Documents\Code\thesis-code\mockito-main\mockito-core\src\test\java\org\mockitousage\spies\SpyAsDefaultMockUsageTest.java
C:\Users\simon\Documents\Code\thesis-code\mockito-main\mockito-core\src\main,C:\Users\simon\Documents\Code\thesis-code\mockito-main\mockito-core\src\test\java\org\mockitousage\spies\SpyingOnInterfacesTest.java
C:\Users\simon\Documents\Code\thesis-code\mockito-main\mockito-core\src\main,C:\Users\simon\Documents\Code\thesis-code\mockito-main\mockito-core\src\test\java\org\mockitousage\spies\SpyingOnRealObjectsTest.java
C:\Users\simon\Documents\Code\thesis-code\mockito-main\mockito-core\src\main,C:\Users\simon\Documents\Code\thesis-code\mockito-main\mockito-core\src\test\java\org\mockitousage\spies\StubbingSpiesDoesNotYieldNPETest.java
C:\Users\simon\Documents\Code\thesis-code\mockito-main\mockito-core\src\main,C:\Users\simon\Documents\Code\thesis-code\mockito-main\mockito-core\src\test\java\org\mockitousage\stacktrace\ClickableStackTracesTest.java
C:\Users\simon\Documents\Code\thesis-code\mockito-main\mockito-core\src\main,C:\Users\simon\Documents\Code\thesis-code\mockito-main\mockito-core\src\test\java\org\mockitousage\stacktrace\ClickableStackTracesWhenFrameworkMisusedTest.java
C:\Users\simon\Documents\Code\thesis-code\mockito-main\mockito-core\src\main,C:\Users\simon\Documents\Code\thesis-code\mockito-main\mockito-core\src\test\java\org\mockitousage\stacktrace\ModellingDescriptiveMessagesTest.java
C:\Users\simon\Documents\Code\thesis-code\mockito-main\mockito-core\src\main,C:\Users\simon\Documents\Code\thesis-code\mockito-main\mockito-core\src\test\java\org\mockitousage\stacktrace\PointingStackTraceToActualInvocationChunkInOrderTest.java
C:\Users\simon\Documents\Code\thesis-code\mockito-main\mockito-core\src\main,C:\Users\simon\Documents\Code\thesis-code\mockito-main\mockito-core\src\test\java\org\mockitousage\stacktrace\PointingStackTraceToActualInvocationInOrderTest.java
C:\Users\simon\Documents\Code\thesis-code\mockito-main\mockito-core\src\main,C:\Users\simon\Documents\Code\thesis-code\mockito-main\mockito-core\src\test\java\org\mockitousage\stacktrace\PointingStackTraceToActualInvocationTest.java
C:\Users\simon\Documents\Code\thesis-code\mockito-main\mockito-core\src\main,C:\Users\simon\Documents\Code\thesis-code\mockito-main\mockito-core\src\test\java\org\mockitousage\stacktrace\StackTraceFilteringTest.java
C:\Users\simon\Documents\Code\thesis-code\mockito-main\mockito-core\src\main,C:\Users\simon\Documents\Code\thesis-code\mockito-main\mockito-core\src\test\java\org\mockitousage\strictness\LenientMockAnnotationTest.java
C:\Users\simon\Documents\Code\thesis-code\mockito-main\mockito-core\src\main,C:\Users\simon\Documents\Code\thesis-code\mockito-main\mockito-core\src\test\java\org\mockitousage\strictness\PotentialStubbingSensitivityTest.java
C:\Users\simon\Documents\Code\thesis-code\mockito-main\mockito-core\src\main,C:\Users\simon\Documents\Code\thesis-code\mockito-main\mockito-core\src\test\java\org\mockitousage\strictness\StrictnessMockAnnotationTest.java
C:\Users\simon\Documents\Code\thesis-code\mockito-main\mockito-core\src\main,C:\Users\simon\Documents\Code\thesis-code\mockito-main\mockito-core\src\test\java\org\mockitousage\strictness\StrictnessPerMockTest.java
C:\Users\simon\Documents\Code\thesis-code\mockito-main\mockito-core\src\main,C:\Users\simon\Documents\Code\thesis-code\mockito-main\mockito-core\src\test\java\org\mockitousage\strictness\StrictnessPerStubbingTest.java
C:\Users\simon\Documents\Code\thesis-code\mockito-main\mockito-core\src\main,C:\Users\simon\Documents\Code\thesis-code\mockito-main\mockito-core\src\test\java\org\mockitousage\strictness\StrictnessPerStubbingWithRunnerTest.java
C:\Users\simon\Documents\Code\thesis-code\mockito-main\mockito-core\src\main,C:\Users\simon\Documents\Code\thesis-code\mockito-main\mockito-core\src\test\java\org\mockitousage\strictness\StrictnessWhenRuleStrictnessIsUpdatedTest.java
C:\Users\simon\Documents\Code\thesis-code\mockito-main\mockito-core\src\main,C:\Users\simon\Documents\Code\thesis-code\mockito-main\mockito-core\src\test\java\org\mockitousage\strictness\StrictnessWithRulesTest.java
C:\Users\simon\Documents\Code\thesis-code\mockito-main\mockito-core\src\main,C:\Users\simon\Documents\Code\thesis-code\mockito-main\mockito-core\src\test\java\org\mockitousage\strictness\StrictnessWithSettingsTest.java
C:\Users\simon\Documents\Code\thesis-code\mockito-main\mockito-core\src\main,C:\Users\simon\Documents\Code\thesis-code\mockito-main\mockito-core\src\test\java\org\mockitousage\stubbing\BasicStubbingTest.java
C:\Users\simon\Documents\Code\thesis-code\mockito-main\mockito-core\src\main,C:\Users\simon\Documents\Code\thesis-code\mockito-main\mockito-core\src\test\java\org\mockitousage\stubbing\CallingRealMethodTest.java
C:\Users\simon\Documents\Code\thesis-code\mockito-main\mockito-core\src\main,C:\Users\simon\Documents\Code\thesis-code\mockito-main\mockito-core\src\test\java\org\mockitousage\stubbing\CloningParameterTest.java
C:\Users\simon\Documents\Code\thesis-code\mockito-main\mockito-core\src\main,C:\Users\simon\Documents\Code\thesis-code\mockito-main\mockito-core\src\test\java\org\mockitousage\stubbing\DeepStubbingTest.java
C:\Users\simon\Documents\Code\thesis-code\mockito-main\mockito-core\src\main,C:\Users\simon\Documents\Code\thesis-code\mockito-main\mockito-core\src\test\java\org\mockitousage\stubbing\MisusingStubbingTest.java
C:\Users\simon\Documents\Code\thesis-code\mockito-main\mockito-core\src\main,C:\Users\simon\Documents\Code\thesis-code\mockito-main\mockito-core\src\test\java\org\mockitousage\stubbing\ReturningDefaultValuesTest.java
C:\Users\simon\Documents\Code\thesis-code\mockito-main\mockito-core\src\main,C:\Users\simon\Documents\Code\thesis-code\mockito-main\mockito-core\src\test\java\org\mockitousage\stubbing\SmartNullsGenericBugTest.java
C:\Users\simon\Documents\Code\thesis-code\mockito-main\mockito-core\src\main,C:\Users\simon\Documents\Code\thesis-code\mockito-main\mockito-core\src\test\java\org\mockitousage\stubbing\SmartNullsStubbingTest.java
C:\Users\simon\Documents\Code\thesis-code\mockito-main\mockito-core\src\main,C:\Users\simon\Documents\Code\thesis-code\mockito-main\mockito-core\src\test\java\org\mockitousage\stubbing\StrictStubbingEndToEndTest.java
C:\Users\simon\Documents\Code\thesis-code\mockito-main\mockito-core\src\main,C:\Users\simon\Documents\Code\thesis-code\mockito-main\mockito-core\src\test\java\org\mockitousage\stubbing\StrictStubbingTest.java
C:\Users\simon\Documents\Code\thesis-code\mockito-main\mockito-core\src\main,C:\Users\simon\Documents\Code\thesis-code\mockito-main\mockito-core\src\test\java\org\mockitousage\stubbing\StubbingConsecutiveAnswersTest.java
C:\Users\simon\Documents\Code\thesis-code\mockito-main\mockito-core\src\main,C:\Users\simon\Documents\Code\thesis-code\mockito-main\mockito-core\src\test\java\org\mockitousage\stubbing\StubbingReturnsSelfTest.java
C:\Users\simon\Documents\Code\thesis-code\mockito-main\mockito-core\src\main,C:\Users\simon\Documents\Code\thesis-code\mockito-main\mockito-core\src\test\java\org\mockitousage\stubbing\StubbingUsingDoReturnTest.java
C:\Users\simon\Documents\Code\thesis-code\mockito-main\mockito-core\src\main,C:\Users\simon\Documents\Code\thesis-code\mockito-main\mockito-core\src\test\java\org\mockitousage\stubbing\StubbingWarningsTest.java
C:\Users\simon\Documents\Code\thesis-code\mockito-main\mockito-core\src\main,C:\Users\simon\Documents\Code\thesis-code\mockito-main\mockito-core\src\test\java\org\mockitousage\stubbing\StubbingWithAdditionalAnswersTest.java
C:\Users\simon\Documents\Code\thesis-code\mockito-main\mockito-core\src\main,C:\Users\simon\Documents\Code\thesis-code\mockito-main\mockito-core\src\test\java\org\mockitousage\stubbing\StubbingWithBadThrowablesTest.java
C:\Users\simon\Documents\Code\thesis-code\mockito-main\mockito-core\src\main,C:\Users\simon\Documents\Code\thesis-code\mockito-main\mockito-core\src\test\java\org\mockitousage\stubbing\StubbingWithCustomAnswerTest.java
C:\Users\simon\Documents\Code\thesis-code\mockito-main\mockito-core\src\main,C:\Users\simon\Documents\Code\thesis-code\mockito-main\mockito-core\src\test\java\org\mockitousage\stubbing\StubbingWithDelegateTest.java
C:\Users\simon\Documents\Code\thesis-code\mockito-main\mockito-core\src\main,C:\Users\simon\Documents\Code\thesis-code\mockito-main\mockito-core\src\test\java\org\mockitousage\stubbing\StubbingWithDelegateVarArgsTest.java
C:\Users\simon\Documents\Code\thesis-code\mockito-main\mockito-core\src\main,C:\Users\simon\Documents\Code\thesis-code\mockito-main\mockito-core\src\test\java\org\mockitousage\stubbing\StubbingWithExtraAnswersTest.java
C:\Users\simon\Documents\Code\thesis-code\mockito-main\mockito-core\src\main,C:\Users\simon\Documents\Code\thesis-code\mockito-main\mockito-core\src\test\java\org\mockitousage\stubbing\StubbingWithThrowablesTest.java
C:\Users\simon\Documents\Code\thesis-code\mockito-main\mockito-core\src\main,C:\Users\simon\Documents\Code\thesis-code\mockito-main\mockito-core\src\test\java\org\mockitousage\verification\AtLeastXVerificationTest.java
C:\Users\simon\Documents\Code\thesis-code\mockito-main\mockito-core\src\main,C:\Users\simon\Documents\Code\thesis-code\mockito-main\mockito-core\src\test\java\org\mockitousage\verification\AtMostXVerificationTest.java
C:\Users\simon\Documents\Code\thesis-code\mockito-main\mockito-core\src\main,C:\Users\simon\Documents\Code\thesis-code\mockito-main\mockito-core\src\test\java\org\mockitousage\verification\BasicVerificationInOrderTest.java
C:\Users\simon\Documents\Code\thesis-code\mockito-main\mockito-core\src\main,C:\Users\simon\Documents\Code\thesis-code\mockito-main\mockito-core\src\test\java\org\mockitousage\verification\BasicVerificationTest.java
C:\Users\simon\Documents\Code\thesis-code\mockito-main\mockito-core\src\main,C:\Users\simon\Documents\Code\thesis-code\mockito-main\mockito-core\src\test\java\org\mockitousage\verification\DescriptiveMessagesOnVerificationInOrderErrorsTest.java
C:\Users\simon\Documents\Code\thesis-code\mockito-main\mockito-core\src\main,C:\Users\simon\Documents\Code\thesis-code\mockito-main\mockito-core\src\test\java\org\mockitousage\verification\DescriptiveMessagesWhenTimesXVerificationFailsTest.java
C:\Users\simon\Documents\Code\thesis-code\mockito-main\mockito-core\src\main,C:\Users\simon\Documents\Code\thesis-code\mockito-main\mockito-core\src\test\java\org\mockitousage\verification\DescriptiveMessagesWhenVerificationFailsTest.java
C:\Users\simon\Documents\Code\thesis-code\mockito-main\mockito-core\src\main,C:\Users\simon\Documents\Code\thesis-code\mockito-main\mockito-core\src\test\java\org\mockitousage\verification\ExactNumberOfTimesVerificationTest.java
C:\Users\simon\Documents\Code\thesis-code\mockito-main\mockito-core\src\main,C:\Users\simon\Documents\Code\thesis-code\mockito-main\mockito-core\src\test\java\org\mockitousage\verification\FindingRedundantInvocationsInOrderTest.java
C:\Users\simon\Documents\Code\thesis-code\mockito-main\mockito-core\src\main,C:\Users\simon\Documents\Code\thesis-code\mockito-main\mockito-core\src\test\java\org\mockitousage\verification\NoMoreInteractionsVerificationTest.java
C:\Users\simon\Documents\Code\thesis-code\mockito-main\mockito-core\src\main,C:\Users\simon\Documents\Code\thesis-code\mockito-main\mockito-core\src\test\java\org\mockitousage\verification\OnlyVerificationTest.java
C:\Users\simon\Documents\Code\thesis-code\mockito-main\mockito-core\src\main,C:\Users\simon\Documents\Code\thesis-code\mockito-main\mockito-core\src\test\java\org\mockitousage\verification\OrdinaryVerificationPrintsAllInteractionsTest.java
C:\Users\simon\Documents\Code\thesis-code\mockito-main\mockito-core\src\main,C:\Users\simon\Documents\Code\thesis-code\mockito-main\mockito-core\src\test\java\org\mockitousage\verification\PrintingVerboseTypesWithArgumentsTest.java
C:\Users\simon\Documents\Code\thesis-code\mockito-main\mockito-core\src\main,C:\Users\simon\Documents\Code\thesis-code\mockito-main\mockito-core\src\test\java\org\mockitousage\verification\RelaxedVerificationInOrderTest.java
C:\Users\simon\Documents\Code\thesis-code\mockito-main\mockito-core\src\main,C:\Users\simon\Documents\Code\thesis-code\mockito-main\mockito-core\src\test\java\org\mockitousage\verification\SelectedMocksInOrderVerificationTest.java
C:\Users\simon\Documents\Code\thesis-code\mockito-main\mockito-core\src\main,C:\Users\simon\Documents\Code\thesis-code\mockito-main\mockito-core\src\test\java\org\mockitousage\verification\VerificationExcludingStubsTest.java
C:\Users\simon\Documents\Code\thesis-code\mockito-main\mockito-core\src\main,C:\Users\simon\Documents\Code\thesis-code\mockito-main\mockito-core\src\test\java\org\mockitousage\verification\VerificationInOrderMixedWithOrdinaryVerificationTest.java
C:\Users\simon\Documents\Code\thesis-code\mockito-main\mockito-core\src\main,C:\Users\simon\Documents\Code\thesis-code\mockito-main\mockito-core\src\test\java\org\mockitousage\verification\VerificationInOrderTest.java
C:\Users\simon\Documents\Code\thesis-code\mockito-main\mockito-core\src\main,C:\Users\simon\Documents\Code\thesis-code\mockito-main\mockito-core\src\test\java\org\mockitousage\verification\VerificationInOrderWithCallsTest.java
C:\Users\simon\Documents\Code\thesis-code\mockito-main\mockito-core\src\main,C:\Users\simon\Documents\Code\thesis-code\mockito-main\mockito-core\src\test\java\org\mockitousage\verification\VerificationInOrderWithTimeoutTest.java
C:\Users\simon\Documents\Code\thesis-code\mockito-main\mockito-core\src\main,C:\Users\simon\Documents\Code\thesis-code\mockito-main\mockito-core\src\test\java\org\mockitousage\verification\VerificationOnMultipleMocksUsingMatchersTest.java
C:\Users\simon\Documents\Code\thesis-code\mockito-main\mockito-core\src\main,C:\Users\simon\Documents\Code\thesis-code\mockito-main\mockito-core\src\test\java\org\mockitousage\verification\VerificationStartedListenerTest.java
C:\Users\simon\Documents\Code\thesis-code\mockito-main\mockito-core\src\main,C:\Users\simon\Documents\Code\thesis-code\mockito-main\mockito-core\src\test\java\org\mockitousage\verification\VerificationUsingMatchersTest.java
C:\Users\simon\Documents\Code\thesis-code\mockito-main\mockito-core\src\main,C:\Users\simon\Documents\Code\thesis-code\mockito-main\mockito-core\src\test\java\org\mockitousage\verification\VerificationWithAfterAndCaptorTest.java
C:\Users\simon\Documents\Code\thesis-code\mockito-main\mockito-core\src\main,C:\Users\simon\Documents\Code\thesis-code\mockito-main\mockito-core\src\test\java\org\mockitousage\verification\VerificationWithAfterTest.java
C:\Users\simon\Documents\Code\thesis-code\mockito-main\mockito-core\src\main,C:\Users\simon\Documents\Code\thesis-code\mockito-main\mockito-core\src\test\java\org\mockitousage\verification\VerificationWithTimeoutTest.java
C:\Users\simon\Documents\Code\thesis-code\mockito-main\mockito-core\src\main,C:\Users\simon\Documents\Code\thesis-code\mockito-main\mockito-core\src\test\java\org\mockitousage\verification\VerifyPrintsAllInvocationsOnErrorTest.java
C:\Users\simon\Documents\Code\thesis-code\mockito-main\mockito-core\src\main,C:\Users\simon\Documents\Code\thesis-code\mockito-main\mockito-core\src\testFixtures\java\org\mockitoutil\async\AsyncTestingTest.java
C:\Users\simon\Documents\Code\thesis-code\mockito-main\mockito-core\src\main,C:\Users\simon\Documents\Code\thesis-code\mockito-main\mockito-core\src\testFixtures\java\org\mockitoutil\ClassLoadersTest.java
C:\Users\simon\Documents\Code\thesis-code\mockito-main\mockito-core\src\main,C:\Users\simon\Documents\Code\thesis-code\mockito-main\mockito-core\src\testFixtures\java\org\mockitoutil\SafeJUnitRuleTest.java
C:\Users\simon\Documents\Code\thesis-code\mockito-main\mockito-core\src\main,C:\Users\simon\Documents\Code\thesis-code\mockito-main\mockito-core\src\testFixtures\java\org\mockitoutil\TestBase.java
C:\Users\simon\Documents\Code\thesis-code\mockito-main\mockito-core\src\main,C:\Users\simon\Documents\Code\thesis-code\mockito-main\mockito-core\src\testFixtures\java\org\mockitoutil\TestBaseTest.java
