C:\Users\simon\Documents\Code\thesis-code\commons-io-master\src\main,C:\Users\simon\Documents\Code\thesis-code\commons-io-master\src\test\java\org\apache\commons\io\AbstractFileUtilsDeleteDirectoryTest.java
C:\Users\simon\Documents\Code\thesis-code\commons-io-master\src\main,C:\Users\simon\Documents\Code\thesis-code\commons-io-master\src\test\java\org\apache\commons\io\build\AbstractOriginTest.java
C:\Users\simon\Documents\Code\thesis-code\commons-io-master\src\main,C:\Users\simon\Documents\Code\thesis-code\commons-io-master\src\test\java\org\apache\commons\io\build\AbstractRandomAccessFileOriginTest.java
C:\Users\simon\Documents\Code\thesis-code\commons-io-master\src\main,C:\Users\simon\Documents\Code\thesis-code\commons-io-master\src\test\java\org\apache\commons\io\build\AbstractStreamBuilderTest.java
C:\Users\simon\Documents\Code\thesis-code\commons-io-master\src\main,C:\Users\simon\Documents\Code\thesis-code\commons-io-master\src\test\java\org\apache\commons\io\build\AbstractSupplierTest.java
C:\Users\simon\Documents\Code\thesis-code\commons-io-master\src\main,C:\Users\simon\Documents\Code\thesis-code\commons-io-master\src\test\java\org\apache\commons\io\build\ByteArrayOriginTest.java
C:\Users\simon\Documents\Code\thesis-code\commons-io-master\src\main,C:\Users\simon\Documents\Code\thesis-code\commons-io-master\src\test\java\org\apache\commons\io\build\ChannelOriginTest.java
C:\Users\simon\Documents\Code\thesis-code\commons-io-master\src\main,C:\Users\simon\Documents\Code\thesis-code\commons-io-master\src\test\java\org\apache\commons\io\build\CharSequenceOriginTest.java
C:\Users\simon\Documents\Code\thesis-code\commons-io-master\src\main,C:\Users\simon\Documents\Code\thesis-code\commons-io-master\src\test\java\org\apache\commons\io\build\FileOriginTest.java
C:\Users\simon\Documents\Code\thesis-code\commons-io-master\src\main,C:\Users\simon\Documents\Code\thesis-code\commons-io-master\src\test\java\org\apache\commons\io\build\InputStreamOriginTest.java
C:\Users\simon\Documents\Code\thesis-code\commons-io-master\src\main,C:\Users\simon\Documents\Code\thesis-code\commons-io-master\src\test\java\org\apache\commons\io\build\IORandomAccessFileOriginTest.java
C:\Users\simon\Documents\Code\thesis-code\commons-io-master\src\main,C:\Users\simon\Documents\Code\thesis-code\commons-io-master\src\test\java\org\apache\commons\io\build\OutputStreamOriginTest.java
C:\Users\simon\Documents\Code\thesis-code\commons-io-master\src\main,C:\Users\simon\Documents\Code\thesis-code\commons-io-master\src\test\java\org\apache\commons\io\build\PathOriginTest.java
C:\Users\simon\Documents\Code\thesis-code\commons-io-master\src\main,C:\Users\simon\Documents\Code\thesis-code\commons-io-master\src\test\java\org\apache\commons\io\build\RandomAccessFileOriginTest.java
C:\Users\simon\Documents\Code\thesis-code\commons-io-master\src\main,C:\Users\simon\Documents\Code\thesis-code\commons-io-master\src\test\java\org\apache\commons\io\build\ReaderOriginTest.java
C:\Users\simon\Documents\Code\thesis-code\commons-io-master\src\main,C:\Users\simon\Documents\Code\thesis-code\commons-io-master\src\test\java\org\apache\commons\io\build\URIOriginTest.java
C:\Users\simon\Documents\Code\thesis-code\commons-io-master\src\main,C:\Users\simon\Documents\Code\thesis-code\commons-io-master\src\test\java\org\apache\commons\io\build\WriterStreamOriginTest.java
C:\Users\simon\Documents\Code\thesis-code\commons-io-master\src\main,C:\Users\simon\Documents\Code\thesis-code\commons-io-master\src\test\java\org\apache\commons\io\ByteOrderMarkTest.java
C:\Users\simon\Documents\Code\thesis-code\commons-io-master\src\main,C:\Users\simon\Documents\Code\thesis-code\commons-io-master\src\test\java\org\apache\commons\io\ByteOrderParserTest.java
C:\Users\simon\Documents\Code\thesis-code\commons-io-master\src\main,C:\Users\simon\Documents\Code\thesis-code\commons-io-master\src\test\java\org\apache\commons\io\channels\AbstractSeekableByteChannelTest.java
C:\Users\simon\Documents\Code\thesis-code\commons-io-master\src\main,C:\Users\simon\Documents\Code\thesis-code\commons-io-master\src\test\java\org\apache\commons\io\channels\ByteArraySeekableByteChannelCompressTest.java
C:\Users\simon\Documents\Code\thesis-code\commons-io-master\src\main,C:\Users\simon\Documents\Code\thesis-code\commons-io-master\src\test\java\org\apache\commons\io\channels\ByteArraySeekableByteChannelTest.java
C:\Users\simon\Documents\Code\thesis-code\commons-io-master\src\main,C:\Users\simon\Documents\Code\thesis-code\commons-io-master\src\test\java\org\apache\commons\io\channels\CloseShieldChannelTest.java
C:\Users\simon\Documents\Code\thesis-code\commons-io-master\src\main,C:\Users\simon\Documents\Code\thesis-code\commons-io-master\src\test\java\org\apache\commons\io\channels\FileChannelsTest.java
C:\Users\simon\Documents\Code\thesis-code\commons-io-master\src\main,C:\Users\simon\Documents\Code\thesis-code\commons-io-master\src\test\java\org\apache\commons\io\channels\FileSeekableByteChannelTest.java
C:\Users\simon\Documents\Code\thesis-code\commons-io-master\src\main,C:\Users\simon\Documents\Code\thesis-code\commons-io-master\src\test\java\org\apache\commons\io\charset\CharsetDecodersTest.java
C:\Users\simon\Documents\Code\thesis-code\commons-io-master\src\main,C:\Users\simon\Documents\Code\thesis-code\commons-io-master\src\test\java\org\apache\commons\io\charset\CharsetEncodersTest.java
C:\Users\simon\Documents\Code\thesis-code\commons-io-master\src\main,C:\Users\simon\Documents\Code\thesis-code\commons-io-master\src\test\java\org\apache\commons\io\CharsetsTest.java
C:\Users\simon\Documents\Code\thesis-code\commons-io-master\src\main,C:\Users\simon\Documents\Code\thesis-code\commons-io-master\src\test\java\org\apache\commons\io\comparator\ComparatorAbstractTest.java
C:\Users\simon\Documents\Code\thesis-code\commons-io-master\src\main,C:\Users\simon\Documents\Code\thesis-code\commons-io-master\src\test\java\org\apache\commons\io\comparator\CompositeFileComparatorTest.java
C:\Users\simon\Documents\Code\thesis-code\commons-io-master\src\main,C:\Users\simon\Documents\Code\thesis-code\commons-io-master\src\test\java\org\apache\commons\io\comparator\DefaultFileComparatorTest.java
C:\Users\simon\Documents\Code\thesis-code\commons-io-master\src\main,C:\Users\simon\Documents\Code\thesis-code\commons-io-master\src\test\java\org\apache\commons\io\comparator\DirectoryFileComparatorTest.java
C:\Users\simon\Documents\Code\thesis-code\commons-io-master\src\main,C:\Users\simon\Documents\Code\thesis-code\commons-io-master\src\test\java\org\apache\commons\io\comparator\ExtensionFileComparatorTest.java
C:\Users\simon\Documents\Code\thesis-code\commons-io-master\src\main,C:\Users\simon\Documents\Code\thesis-code\commons-io-master\src\test\java\org\apache\commons\io\comparator\LastModifiedFileComparatorTest.java
C:\Users\simon\Documents\Code\thesis-code\commons-io-master\src\main,C:\Users\simon\Documents\Code\thesis-code\commons-io-master\src\test\java\org\apache\commons\io\comparator\NameFileComparatorTest.java
C:\Users\simon\Documents\Code\thesis-code\commons-io-master\src\main,C:\Users\simon\Documents\Code\thesis-code\commons-io-master\src\test\java\org\apache\commons\io\comparator\PathFileComparatorTest.java
C:\Users\simon\Documents\Code\thesis-code\commons-io-master\src\main,C:\Users\simon\Documents\Code\thesis-code\commons-io-master\src\test\java\org\apache\commons\io\comparator\SizeFileComparatorTest.java
C:\Users\simon\Documents\Code\thesis-code\commons-io-master\src\main,C:\Users\simon\Documents\Code\thesis-code\commons-io-master\src\test\java\org\apache\commons\io\CopyUtilsTest.java
C:\Users\simon\Documents\Code\thesis-code\commons-io-master\src\main,C:\Users\simon\Documents\Code\thesis-code\commons-io-master\src\test\java\org\apache\commons\io\DeleteDirectoryTest.java
C:\Users\simon\Documents\Code\thesis-code\commons-io-master\src\main,C:\Users\simon\Documents\Code\thesis-code\commons-io-master\src\test\java\org\apache\commons\io\DemuxInputStreamTest.java
C:\Users\simon\Documents\Code\thesis-code\commons-io-master\src\main,C:\Users\simon\Documents\Code\thesis-code\commons-io-master\src\test\java\org\apache\commons\io\DirectoryWalkerTest.java
C:\Users\simon\Documents\Code\thesis-code\commons-io-master\src\main,C:\Users\simon\Documents\Code\thesis-code\commons-io-master\src\test\java\org\apache\commons\io\EndianUtilsTest.java
C:\Users\simon\Documents\Code\thesis-code\commons-io-master\src\main,C:\Users\simon\Documents\Code\thesis-code\commons-io-master\src\test\java\org\apache\commons\io\file\AbstractTempDirTest.java
C:\Users\simon\Documents\Code\thesis-code\commons-io-master\src\main,C:\Users\simon\Documents\Code\thesis-code\commons-io-master\src\test\java\org\apache\commons\io\file\AccumulatorPathVisitorTest.java
C:\Users\simon\Documents\Code\thesis-code\commons-io-master\src\main,C:\Users\simon\Documents\Code\thesis-code\commons-io-master\src\test\java\org\apache\commons\io\file\attribute\FileTimesTest.java
C:\Users\simon\Documents\Code\thesis-code\commons-io-master\src\main,C:\Users\simon\Documents\Code\thesis-code\commons-io-master\src\test\java\org\apache\commons\io\file\CleaningPathVisitorTest.java
C:\Users\simon\Documents\Code\thesis-code\commons-io-master\src\main,C:\Users\simon\Documents\Code\thesis-code\commons-io-master\src\test\java\org\apache\commons\io\file\CopyDirectoryVisitorTest.java
C:\Users\simon\Documents\Code\thesis-code\commons-io-master\src\main,C:\Users\simon\Documents\Code\thesis-code\commons-io-master\src\test\java\org\apache\commons\io\file\CountersEqualsAndHashCodeTest.java
C:\Users\simon\Documents\Code\thesis-code\commons-io-master\src\main,C:\Users\simon\Documents\Code\thesis-code\commons-io-master\src\test\java\org\apache\commons\io\file\CountersTest.java
C:\Users\simon\Documents\Code\thesis-code\commons-io-master\src\main,C:\Users\simon\Documents\Code\thesis-code\commons-io-master\src\test\java\org\apache\commons\io\file\CountingPathVisitorTest.java
C:\Users\simon\Documents\Code\thesis-code\commons-io-master\src\main,C:\Users\simon\Documents\Code\thesis-code\commons-io-master\src\test\java\org\apache\commons\io\file\DeletingPathVisitorTest.java
C:\Users\simon\Documents\Code\thesis-code\commons-io-master\src\main,C:\Users\simon\Documents\Code\thesis-code\commons-io-master\src\test\java\org\apache\commons\io\file\DirectoryStreamFilterTest.java
C:\Users\simon\Documents\Code\thesis-code\commons-io-master\src\main,C:\Users\simon\Documents\Code\thesis-code\commons-io-master\src\test\java\org\apache\commons\io\file\FilesUncheckTest.java
C:\Users\simon\Documents\Code\thesis-code\commons-io-master\src\main,C:\Users\simon\Documents\Code\thesis-code\commons-io-master\src\test\java\org\apache\commons\io\file\PathUtilsCleanDirectoryTest.java
C:\Users\simon\Documents\Code\thesis-code\commons-io-master\src\main,C:\Users\simon\Documents\Code\thesis-code\commons-io-master\src\test\java\org\apache\commons\io\file\PathUtilsContentEqualsTest.java
C:\Users\simon\Documents\Code\thesis-code\commons-io-master\src\main,C:\Users\simon\Documents\Code\thesis-code\commons-io-master\src\test\java\org\apache\commons\io\file\PathUtilsCountingTest.java
C:\Users\simon\Documents\Code\thesis-code\commons-io-master\src\main,C:\Users\simon\Documents\Code\thesis-code\commons-io-master\src\test\java\org\apache\commons\io\file\PathUtilsDeleteDirectoryTest.java
C:\Users\simon\Documents\Code\thesis-code\commons-io-master\src\main,C:\Users\simon\Documents\Code\thesis-code\commons-io-master\src\test\java\org\apache\commons\io\file\PathUtilsDeleteFileTest.java
C:\Users\simon\Documents\Code\thesis-code\commons-io-master\src\main,C:\Users\simon\Documents\Code\thesis-code\commons-io-master\src\test\java\org\apache\commons\io\file\PathUtilsDeleteTest.java
C:\Users\simon\Documents\Code\thesis-code\commons-io-master\src\main,C:\Users\simon\Documents\Code\thesis-code\commons-io-master\src\test\java\org\apache\commons\io\file\PathUtilsIsEmptyTest.java
C:\Users\simon\Documents\Code\thesis-code\commons-io-master\src\main,C:\Users\simon\Documents\Code\thesis-code\commons-io-master\src\test\java\org\apache\commons\io\file\PathUtilsTest.java
C:\Users\simon\Documents\Code\thesis-code\commons-io-master\src\main,C:\Users\simon\Documents\Code\thesis-code\commons-io-master\src\test\java\org\apache\commons\io\file\PathUtilsVisitorTest.java
C:\Users\simon\Documents\Code\thesis-code\commons-io-master\src\main,C:\Users\simon\Documents\Code\thesis-code\commons-io-master\src\test\java\org\apache\commons\io\file\spi\FileSystemProvidersTest.java
C:\Users\simon\Documents\Code\thesis-code\commons-io-master\src\main,C:\Users\simon\Documents\Code\thesis-code\commons-io-master\src\test\java\org\apache\commons\io\file\TempDirectoryTest.java
C:\Users\simon\Documents\Code\thesis-code\commons-io-master\src\main,C:\Users\simon\Documents\Code\thesis-code\commons-io-master\src\test\java\org\apache\commons\io\file\TempFileTest.java
C:\Users\simon\Documents\Code\thesis-code\commons-io-master\src\main,C:\Users\simon\Documents\Code\thesis-code\commons-io-master\src\test\java\org\apache\commons\io\file\TestArguments.java
C:\Users\simon\Documents\Code\thesis-code\commons-io-master\src\main,C:\Users\simon\Documents\Code\thesis-code\commons-io-master\src\test\java\org\apache\commons\io\FileCleanerTest.java
C:\Users\simon\Documents\Code\thesis-code\commons-io-master\src\main,C:\Users\simon\Documents\Code\thesis-code\commons-io-master\src\test\java\org\apache\commons\io\FileCleaningTrackerTest.java
C:\Users\simon\Documents\Code\thesis-code\commons-io-master\src\main,C:\Users\simon\Documents\Code\thesis-code\commons-io-master\src\test\java\org\apache\commons\io\FileDeleteStrategyTest.java
C:\Users\simon\Documents\Code\thesis-code\commons-io-master\src\main,C:\Users\simon\Documents\Code\thesis-code\commons-io-master\src\test\java\org\apache\commons\io\filefilter\AbstractConditionalFileFilterTest.java
C:\Users\simon\Documents\Code\thesis-code\commons-io-master\src\main,C:\Users\simon\Documents\Code\thesis-code\commons-io-master\src\test\java\org\apache\commons\io\filefilter\AbstractFilterTest.java
C:\Users\simon\Documents\Code\thesis-code\commons-io-master\src\main,C:\Users\simon\Documents\Code\thesis-code\commons-io-master\src\test\java\org\apache\commons\io\filefilter\AbstractIOFileFilterTest.java
C:\Users\simon\Documents\Code\thesis-code\commons-io-master\src\main,C:\Users\simon\Documents\Code\thesis-code\commons-io-master\src\test\java\org\apache\commons\io\filefilter\AgeFileFilterTest.java
C:\Users\simon\Documents\Code\thesis-code\commons-io-master\src\main,C:\Users\simon\Documents\Code\thesis-code\commons-io-master\src\test\java\org\apache\commons\io\filefilter\AndFileFilterTest.java
C:\Users\simon\Documents\Code\thesis-code\commons-io-master\src\main,C:\Users\simon\Documents\Code\thesis-code\commons-io-master\src\test\java\org\apache\commons\io\filefilter\DirectoryFileFilterTest.java
C:\Users\simon\Documents\Code\thesis-code\commons-io-master\src\main,C:\Users\simon\Documents\Code\thesis-code\commons-io-master\src\test\java\org\apache\commons\io\filefilter\FileFilterTest.java
C:\Users\simon\Documents\Code\thesis-code\commons-io-master\src\main,C:\Users\simon\Documents\Code\thesis-code\commons-io-master\src\test\java\org\apache\commons\io\filefilter\NameFileFilterTest.java
C:\Users\simon\Documents\Code\thesis-code\commons-io-master\src\main,C:\Users\simon\Documents\Code\thesis-code\commons-io-master\src\test\java\org\apache\commons\io\filefilter\OrFileFilterTest.java
C:\Users\simon\Documents\Code\thesis-code\commons-io-master\src\main,C:\Users\simon\Documents\Code\thesis-code\commons-io-master\src\test\java\org\apache\commons\io\filefilter\PathMatcherFileFilterTest.java
C:\Users\simon\Documents\Code\thesis-code\commons-io-master\src\main,C:\Users\simon\Documents\Code\thesis-code\commons-io-master\src\test\java\org\apache\commons\io\filefilter\RegexFileFilterTest.java
C:\Users\simon\Documents\Code\thesis-code\commons-io-master\src\main,C:\Users\simon\Documents\Code\thesis-code\commons-io-master\src\test\java\org\apache\commons\io\filefilter\SymbolicLinkFileFilterTest.java
C:\Users\simon\Documents\Code\thesis-code\commons-io-master\src\main,C:\Users\simon\Documents\Code\thesis-code\commons-io-master\src\test\java\org\apache\commons\io\filefilter\WildcardFileFilterTest.java
C:\Users\simon\Documents\Code\thesis-code\commons-io-master\src\main,C:\Users\simon\Documents\Code\thesis-code\commons-io-master\src\test\java\org\apache\commons\io\FilenameUtilsTest.java
C:\Users\simon\Documents\Code\thesis-code\commons-io-master\src\main,C:\Users\simon\Documents\Code\thesis-code\commons-io-master\src\test\java\org\apache\commons\io\FilenameUtilsWildcardTest.java
C:\Users\simon\Documents\Code\thesis-code\commons-io-master\src\main,C:\Users\simon\Documents\Code\thesis-code\commons-io-master\src\test\java\org\apache\commons\io\FileSystemTest.java
C:\Users\simon\Documents\Code\thesis-code\commons-io-master\src\main,C:\Users\simon\Documents\Code\thesis-code\commons-io-master\src\test\java\org\apache\commons\io\FileSystemUtilsTest.java
C:\Users\simon\Documents\Code\thesis-code\commons-io-master\src\main,C:\Users\simon\Documents\Code\thesis-code\commons-io-master\src\test\java\org\apache\commons\io\FileUtilsCleanDirectoryTest.java
C:\Users\simon\Documents\Code\thesis-code\commons-io-master\src\main,C:\Users\simon\Documents\Code\thesis-code\commons-io-master\src\test\java\org\apache\commons\io\FileUtilsCleanSymlinksTest.java
C:\Users\simon\Documents\Code\thesis-code\commons-io-master\src\main,C:\Users\simon\Documents\Code\thesis-code\commons-io-master\src\test\java\org\apache\commons\io\FileUtilsCopyDirectoryToDirectoryTest.java
C:\Users\simon\Documents\Code\thesis-code\commons-io-master\src\main,C:\Users\simon\Documents\Code\thesis-code\commons-io-master\src\test\java\org\apache\commons\io\FileUtilsCopyToFileTest.java
C:\Users\simon\Documents\Code\thesis-code\commons-io-master\src\main,C:\Users\simon\Documents\Code\thesis-code\commons-io-master\src\test\java\org\apache\commons\io\FileUtilsDeleteDirectoryLinuxTest.java
C:\Users\simon\Documents\Code\thesis-code\commons-io-master\src\main,C:\Users\simon\Documents\Code\thesis-code\commons-io-master\src\test\java\org\apache\commons\io\FileUtilsDeleteDirectoryWindowsTest.java
C:\Users\simon\Documents\Code\thesis-code\commons-io-master\src\main,C:\Users\simon\Documents\Code\thesis-code\commons-io-master\src\test\java\org\apache\commons\io\FileUtilsDirectoryContainsTest.java
C:\Users\simon\Documents\Code\thesis-code\commons-io-master\src\main,C:\Users\simon\Documents\Code\thesis-code\commons-io-master\src\test\java\org\apache\commons\io\FileUtilsFileNewerTest.java
C:\Users\simon\Documents\Code\thesis-code\commons-io-master\src\main,C:\Users\simon\Documents\Code\thesis-code\commons-io-master\src\test\java\org\apache\commons\io\FileUtilsListFilesTest.java
C:\Users\simon\Documents\Code\thesis-code\commons-io-master\src\main,C:\Users\simon\Documents\Code\thesis-code\commons-io-master\src\test\java\org\apache\commons\io\FileUtilsTest.java
C:\Users\simon\Documents\Code\thesis-code\commons-io-master\src\main,C:\Users\simon\Documents\Code\thesis-code\commons-io-master\src\test\java\org\apache\commons\io\FileUtilsWaitForTest.java
C:\Users\simon\Documents\Code\thesis-code\commons-io-master\src\main,C:\Users\simon\Documents\Code\thesis-code\commons-io-master\src\test\java\org\apache\commons\io\function\EraseTest.java
C:\Users\simon\Documents\Code\thesis-code\commons-io-master\src\main,C:\Users\simon\Documents\Code\thesis-code\commons-io-master\src\test\java\org\apache\commons\io\function\IOBaseStreamTest.java
C:\Users\simon\Documents\Code\thesis-code\commons-io-master\src\main,C:\Users\simon\Documents\Code\thesis-code\commons-io-master\src\test\java\org\apache\commons\io\function\IOBiConsumerTest.java
C:\Users\simon\Documents\Code\thesis-code\commons-io-master\src\main,C:\Users\simon\Documents\Code\thesis-code\commons-io-master\src\test\java\org\apache\commons\io\function\IOBiFunctionTest.java
C:\Users\simon\Documents\Code\thesis-code\commons-io-master\src\main,C:\Users\simon\Documents\Code\thesis-code\commons-io-master\src\test\java\org\apache\commons\io\function\IOBinaryOperatorStreamTest.java
C:\Users\simon\Documents\Code\thesis-code\commons-io-master\src\main,C:\Users\simon\Documents\Code\thesis-code\commons-io-master\src\test\java\org\apache\commons\io\function\IOBooleanSupplierTest.java
C:\Users\simon\Documents\Code\thesis-code\commons-io-master\src\main,C:\Users\simon\Documents\Code\thesis-code\commons-io-master\src\test\java\org\apache\commons\io\function\IOComparatorTest.java
C:\Users\simon\Documents\Code\thesis-code\commons-io-master\src\main,C:\Users\simon\Documents\Code\thesis-code\commons-io-master\src\test\java\org\apache\commons\io\function\IOConsumerTest.java
C:\Users\simon\Documents\Code\thesis-code\commons-io-master\src\main,C:\Users\simon\Documents\Code\thesis-code\commons-io-master\src\test\java\org\apache\commons\io\function\IOFunctionTest.java
C:\Users\simon\Documents\Code\thesis-code\commons-io-master\src\main,C:\Users\simon\Documents\Code\thesis-code\commons-io-master\src\test\java\org\apache\commons\io\function\IOIntConsumerTest.java
C:\Users\simon\Documents\Code\thesis-code\commons-io-master\src\main,C:\Users\simon\Documents\Code\thesis-code\commons-io-master\src\test\java\org\apache\commons\io\function\IOIntSupplierTest.java
C:\Users\simon\Documents\Code\thesis-code\commons-io-master\src\main,C:\Users\simon\Documents\Code\thesis-code\commons-io-master\src\test\java\org\apache\commons\io\function\IOIterableTest.java
C:\Users\simon\Documents\Code\thesis-code\commons-io-master\src\main,C:\Users\simon\Documents\Code\thesis-code\commons-io-master\src\test\java\org\apache\commons\io\function\IOIteratorAdapterTest.java
C:\Users\simon\Documents\Code\thesis-code\commons-io-master\src\main,C:\Users\simon\Documents\Code\thesis-code\commons-io-master\src\test\java\org\apache\commons\io\function\IOIteratorTest.java
C:\Users\simon\Documents\Code\thesis-code\commons-io-master\src\main,C:\Users\simon\Documents\Code\thesis-code\commons-io-master\src\test\java\org\apache\commons\io\function\IOLongSupplierTest.java
C:\Users\simon\Documents\Code\thesis-code\commons-io-master\src\main,C:\Users\simon\Documents\Code\thesis-code\commons-io-master\src\test\java\org\apache\commons\io\function\IOPredicateTest.java
C:\Users\simon\Documents\Code\thesis-code\commons-io-master\src\main,C:\Users\simon\Documents\Code\thesis-code\commons-io-master\src\test\java\org\apache\commons\io\function\IOQuadFunctionTest.java
C:\Users\simon\Documents\Code\thesis-code\commons-io-master\src\main,C:\Users\simon\Documents\Code\thesis-code\commons-io-master\src\test\java\org\apache\commons\io\function\IORunnableTest.java
C:\Users\simon\Documents\Code\thesis-code\commons-io-master\src\main,C:\Users\simon\Documents\Code\thesis-code\commons-io-master\src\test\java\org\apache\commons\io\function\IOSpliteratorTest.java
C:\Users\simon\Documents\Code\thesis-code\commons-io-master\src\main,C:\Users\simon\Documents\Code\thesis-code\commons-io-master\src\test\java\org\apache\commons\io\function\IOStreamTest.java
C:\Users\simon\Documents\Code\thesis-code\commons-io-master\src\main,C:\Users\simon\Documents\Code\thesis-code\commons-io-master\src\test\java\org\apache\commons\io\function\IOSupplierTest.java
C:\Users\simon\Documents\Code\thesis-code\commons-io-master\src\main,C:\Users\simon\Documents\Code\thesis-code\commons-io-master\src\test\java\org\apache\commons\io\function\IOTriConsumerTest.java
C:\Users\simon\Documents\Code\thesis-code\commons-io-master\src\main,C:\Users\simon\Documents\Code\thesis-code\commons-io-master\src\test\java\org\apache\commons\io\function\IOTriFunctionTest.java
C:\Users\simon\Documents\Code\thesis-code\commons-io-master\src\main,C:\Users\simon\Documents\Code\thesis-code\commons-io-master\src\test\java\org\apache\commons\io\function\IOUnaryOperatorTest.java
C:\Users\simon\Documents\Code\thesis-code\commons-io-master\src\main,C:\Users\simon\Documents\Code\thesis-code\commons-io-master\src\test\java\org\apache\commons\io\function\TestConstants.java
C:\Users\simon\Documents\Code\thesis-code\commons-io-master\src\main,C:\Users\simon\Documents\Code\thesis-code\commons-io-master\src\test\java\org\apache\commons\io\function\TestUtils.java
C:\Users\simon\Documents\Code\thesis-code\commons-io-master\src\main,C:\Users\simon\Documents\Code\thesis-code\commons-io-master\src\test\java\org\apache\commons\io\function\UncheckTest.java
C:\Users\simon\Documents\Code\thesis-code\commons-io-master\src\main,C:\Users\simon\Documents\Code\thesis-code\commons-io-master\src\test\java\org\apache\commons\io\HexDumpTest.java
C:\Users\simon\Documents\Code\thesis-code\commons-io-master\src\main,C:\Users\simon\Documents\Code\thesis-code\commons-io-master\src\test\java\org\apache\commons\io\input\AbstractInputStreamTest.java
C:\Users\simon\Documents\Code\thesis-code\commons-io-master\src\main,C:\Users\simon\Documents\Code\thesis-code\commons-io-master\src\test\java\org\apache\commons\io\input\AutoCloseInputStreamTest.java
C:\Users\simon\Documents\Code\thesis-code\commons-io-master\src\main,C:\Users\simon\Documents\Code\thesis-code\commons-io-master\src\test\java\org\apache\commons\io\input\BOMInputStreamTest.java
C:\Users\simon\Documents\Code\thesis-code\commons-io-master\src\main,C:\Users\simon\Documents\Code\thesis-code\commons-io-master\src\test\java\org\apache\commons\io\input\BoundedInputStreamTest.java
C:\Users\simon\Documents\Code\thesis-code\commons-io-master\src\main,C:\Users\simon\Documents\Code\thesis-code\commons-io-master\src\test\java\org\apache\commons\io\input\BoundedReaderTest.java
C:\Users\simon\Documents\Code\thesis-code\commons-io-master\src\main,C:\Users\simon\Documents\Code\thesis-code\commons-io-master\src\test\java\org\apache\commons\io\input\BrokenInputStreamTest.java
C:\Users\simon\Documents\Code\thesis-code\commons-io-master\src\main,C:\Users\simon\Documents\Code\thesis-code\commons-io-master\src\test\java\org\apache\commons\io\input\BrokenReaderTest.java
C:\Users\simon\Documents\Code\thesis-code\commons-io-master\src\main,C:\Users\simon\Documents\Code\thesis-code\commons-io-master\src\test\java\org\apache\commons\io\input\buffer\CircularBufferInputStreamTest.java
C:\Users\simon\Documents\Code\thesis-code\commons-io-master\src\main,C:\Users\simon\Documents\Code\thesis-code\commons-io-master\src\test\java\org\apache\commons\io\input\buffer\CircularByteBufferTest.java
C:\Users\simon\Documents\Code\thesis-code\commons-io-master\src\main,C:\Users\simon\Documents\Code\thesis-code\commons-io-master\src\test\java\org\apache\commons\io\input\buffer\PeekableInputStreamTest.java
C:\Users\simon\Documents\Code\thesis-code\commons-io-master\src\main,C:\Users\simon\Documents\Code\thesis-code\commons-io-master\src\test\java\org\apache\commons\io\input\BufferedFileChannelInputStreamTest.java
C:\Users\simon\Documents\Code\thesis-code\commons-io-master\src\main,C:\Users\simon\Documents\Code\thesis-code\commons-io-master\src\test\java\org\apache\commons\io\input\ByteBufferCleanerTest.java
C:\Users\simon\Documents\Code\thesis-code\commons-io-master\src\main,C:\Users\simon\Documents\Code\thesis-code\commons-io-master\src\test\java\org\apache\commons\io\input\CharacterFilterReaderIntPredicateTest.java
C:\Users\simon\Documents\Code\thesis-code\commons-io-master\src\main,C:\Users\simon\Documents\Code\thesis-code\commons-io-master\src\test\java\org\apache\commons\io\input\CharacterFilterReaderTest.java
C:\Users\simon\Documents\Code\thesis-code\commons-io-master\src\main,C:\Users\simon\Documents\Code\thesis-code\commons-io-master\src\test\java\org\apache\commons\io\input\CharacterSetFilterReaderTest.java
C:\Users\simon\Documents\Code\thesis-code\commons-io-master\src\main,C:\Users\simon\Documents\Code\thesis-code\commons-io-master\src\test\java\org\apache\commons\io\input\CharSequenceInputStreamTest.java
C:\Users\simon\Documents\Code\thesis-code\commons-io-master\src\main,C:\Users\simon\Documents\Code\thesis-code\commons-io-master\src\test\java\org\apache\commons\io\input\CharSequenceReaderTest.java
C:\Users\simon\Documents\Code\thesis-code\commons-io-master\src\main,C:\Users\simon\Documents\Code\thesis-code\commons-io-master\src\test\java\org\apache\commons\io\input\ChecksumInputStreamTest.java
C:\Users\simon\Documents\Code\thesis-code\commons-io-master\src\main,C:\Users\simon\Documents\Code\thesis-code\commons-io-master\src\test\java\org\apache\commons\io\input\CircularInputStreamTest.java
C:\Users\simon\Documents\Code\thesis-code\commons-io-master\src\main,C:\Users\simon\Documents\Code\thesis-code\commons-io-master\src\test\java\org\apache\commons\io\input\ClassLoaderObjectInputStreamTest.java
C:\Users\simon\Documents\Code\thesis-code\commons-io-master\src\main,C:\Users\simon\Documents\Code\thesis-code\commons-io-master\src\test\java\org\apache\commons\io\input\ClosedInputStreamTest.java
C:\Users\simon\Documents\Code\thesis-code\commons-io-master\src\main,C:\Users\simon\Documents\Code\thesis-code\commons-io-master\src\test\java\org\apache\commons\io\input\ClosedReaderTest.java
C:\Users\simon\Documents\Code\thesis-code\commons-io-master\src\main,C:\Users\simon\Documents\Code\thesis-code\commons-io-master\src\test\java\org\apache\commons\io\input\CloseShieldInputStreamTest.java
C:\Users\simon\Documents\Code\thesis-code\commons-io-master\src\main,C:\Users\simon\Documents\Code\thesis-code\commons-io-master\src\test\java\org\apache\commons\io\input\CloseShieldReaderTest.java
C:\Users\simon\Documents\Code\thesis-code\commons-io-master\src\main,C:\Users\simon\Documents\Code\thesis-code\commons-io-master\src\test\java\org\apache\commons\io\input\compatibility\XmlStreamReaderUtilitiesCompatibilityTest.java
C:\Users\simon\Documents\Code\thesis-code\commons-io-master\src\main,C:\Users\simon\Documents\Code\thesis-code\commons-io-master\src\test\java\org\apache\commons\io\input\CountingInputStreamTest.java
C:\Users\simon\Documents\Code\thesis-code\commons-io-master\src\main,C:\Users\simon\Documents\Code\thesis-code\commons-io-master\src\test\java\org\apache\commons\io\input\InfiniteCircularInputStreamTest.java
C:\Users\simon\Documents\Code\thesis-code\commons-io-master\src\main,C:\Users\simon\Documents\Code\thesis-code\commons-io-master\src\test\java\org\apache\commons\io\input\MarkShieldInputStreamTest.java
C:\Users\simon\Documents\Code\thesis-code\commons-io-master\src\main,C:\Users\simon\Documents\Code\thesis-code\commons-io-master\src\test\java\org\apache\commons\io\input\MemoryMappedFileInputStreamTest.java
C:\Users\simon\Documents\Code\thesis-code\commons-io-master\src\main,C:\Users\simon\Documents\Code\thesis-code\commons-io-master\src\test\java\org\apache\commons\io\input\MessageDigestCalculatingInputStreamTest.java
C:\Users\simon\Documents\Code\thesis-code\commons-io-master\src\main,C:\Users\simon\Documents\Code\thesis-code\commons-io-master\src\test\java\org\apache\commons\io\input\MessageDigestInputStreamTest.java
C:\Users\simon\Documents\Code\thesis-code\commons-io-master\src\main,C:\Users\simon\Documents\Code\thesis-code\commons-io-master\src\test\java\org\apache\commons\io\input\NullInputStreamTest.java
C:\Users\simon\Documents\Code\thesis-code\commons-io-master\src\main,C:\Users\simon\Documents\Code\thesis-code\commons-io-master\src\test\java\org\apache\commons\io\input\NullReaderTest.java
C:\Users\simon\Documents\Code\thesis-code\commons-io-master\src\main,C:\Users\simon\Documents\Code\thesis-code\commons-io-master\src\test\java\org\apache\commons\io\input\ObservableInputStreamTest.java
C:\Users\simon\Documents\Code\thesis-code\commons-io-master\src\main,C:\Users\simon\Documents\Code\thesis-code\commons-io-master\src\test\java\org\apache\commons\io\input\ProxyInputStreamTest.java
C:\Users\simon\Documents\Code\thesis-code\commons-io-master\src\main,C:\Users\simon\Documents\Code\thesis-code\commons-io-master\src\test\java\org\apache\commons\io\input\ProxyReaderTest.java
C:\Users\simon\Documents\Code\thesis-code\commons-io-master\src\main,C:\Users\simon\Documents\Code\thesis-code\commons-io-master\src\test\java\org\apache\commons\io\input\QueueInputStreamTest.java
C:\Users\simon\Documents\Code\thesis-code\commons-io-master\src\main,C:\Users\simon\Documents\Code\thesis-code\commons-io-master\src\test\java\org\apache\commons\io\input\RandomAccessFileInputStreamTest.java
C:\Users\simon\Documents\Code\thesis-code\commons-io-master\src\main,C:\Users\simon\Documents\Code\thesis-code\commons-io-master\src\test\java\org\apache\commons\io\input\ReadAheadInputStreamTest.java
C:\Users\simon\Documents\Code\thesis-code\commons-io-master\src\main,C:\Users\simon\Documents\Code\thesis-code\commons-io-master\src\test\java\org\apache\commons\io\input\ReaderInputStreamTest.java
C:\Users\simon\Documents\Code\thesis-code\commons-io-master\src\main,C:\Users\simon\Documents\Code\thesis-code\commons-io-master\src\test\java\org\apache\commons\io\input\ReversedLinesFileReaderParamBlockSizeTest.java
C:\Users\simon\Documents\Code\thesis-code\commons-io-master\src\main,C:\Users\simon\Documents\Code\thesis-code\commons-io-master\src\test\java\org\apache\commons\io\input\ReversedLinesFileReaderParamFileTest.java
C:\Users\simon\Documents\Code\thesis-code\commons-io-master\src\main,C:\Users\simon\Documents\Code\thesis-code\commons-io-master\src\test\java\org\apache\commons\io\input\ReversedLinesFileReaderSimpleTest.java
C:\Users\simon\Documents\Code\thesis-code\commons-io-master\src\main,C:\Users\simon\Documents\Code\thesis-code\commons-io-master\src\test\java\org\apache\commons\io\input\SequenceReaderTest.java
C:\Users\simon\Documents\Code\thesis-code\commons-io-master\src\main,C:\Users\simon\Documents\Code\thesis-code\commons-io-master\src\test\java\org\apache\commons\io\input\SwappedDataInputStreamTest.java
C:\Users\simon\Documents\Code\thesis-code\commons-io-master\src\main,C:\Users\simon\Documents\Code\thesis-code\commons-io-master\src\test\java\org\apache\commons\io\input\TaggedInputStreamTest.java
C:\Users\simon\Documents\Code\thesis-code\commons-io-master\src\main,C:\Users\simon\Documents\Code\thesis-code\commons-io-master\src\test\java\org\apache\commons\io\input\TaggedReaderTest.java
C:\Users\simon\Documents\Code\thesis-code\commons-io-master\src\main,C:\Users\simon\Documents\Code\thesis-code\commons-io-master\src\test\java\org\apache\commons\io\input\TailerTest.java
C:\Users\simon\Documents\Code\thesis-code\commons-io-master\src\main,C:\Users\simon\Documents\Code\thesis-code\commons-io-master\src\test\java\org\apache\commons\io\input\TeeInputStreamTest.java
C:\Users\simon\Documents\Code\thesis-code\commons-io-master\src\main,C:\Users\simon\Documents\Code\thesis-code\commons-io-master\src\test\java\org\apache\commons\io\input\TeeReaderTest.java
C:\Users\simon\Documents\Code\thesis-code\commons-io-master\src\main,C:\Users\simon\Documents\Code\thesis-code\commons-io-master\src\test\java\org\apache\commons\io\input\ThrottledInputStreamTest.java
C:\Users\simon\Documents\Code\thesis-code\commons-io-master\src\main,C:\Users\simon\Documents\Code\thesis-code\commons-io-master\src\test\java\org\apache\commons\io\input\TimestampedObserverTest.java
C:\Users\simon\Documents\Code\thesis-code\commons-io-master\src\main,C:\Users\simon\Documents\Code\thesis-code\commons-io-master\src\test\java\org\apache\commons\io\input\UncheckedBufferedReaderTest.java
C:\Users\simon\Documents\Code\thesis-code\commons-io-master\src\main,C:\Users\simon\Documents\Code\thesis-code\commons-io-master\src\test\java\org\apache\commons\io\input\UncheckedFilterInputStreamTest.java
C:\Users\simon\Documents\Code\thesis-code\commons-io-master\src\main,C:\Users\simon\Documents\Code\thesis-code\commons-io-master\src\test\java\org\apache\commons\io\input\UncheckedFilterReaderTest.java
C:\Users\simon\Documents\Code\thesis-code\commons-io-master\src\main,C:\Users\simon\Documents\Code\thesis-code\commons-io-master\src\test\java\org\apache\commons\io\input\UnixLineEndingInputStreamTest.java
C:\Users\simon\Documents\Code\thesis-code\commons-io-master\src\main,C:\Users\simon\Documents\Code\thesis-code\commons-io-master\src\test\java\org\apache\commons\io\input\UnsynchronizedBufferedInputStreamTest.java
C:\Users\simon\Documents\Code\thesis-code\commons-io-master\src\main,C:\Users\simon\Documents\Code\thesis-code\commons-io-master\src\test\java\org\apache\commons\io\input\UnsynchronizedBufferedReaderTest.java
C:\Users\simon\Documents\Code\thesis-code\commons-io-master\src\main,C:\Users\simon\Documents\Code\thesis-code\commons-io-master\src\test\java\org\apache\commons\io\input\UnsynchronizedByteArrayInputStreamTest.java
C:\Users\simon\Documents\Code\thesis-code\commons-io-master\src\main,C:\Users\simon\Documents\Code\thesis-code\commons-io-master\src\test\java\org\apache\commons\io\input\UnsynchronizedFilterInputStreamTest.java
C:\Users\simon\Documents\Code\thesis-code\commons-io-master\src\main,C:\Users\simon\Documents\Code\thesis-code\commons-io-master\src\test\java\org\apache\commons\io\input\WindowsLineEndingInputStreamTest.java
C:\Users\simon\Documents\Code\thesis-code\commons-io-master\src\main,C:\Users\simon\Documents\Code\thesis-code\commons-io-master\src\test\java\org\apache\commons\io\input\XmlStreamReaderTest.java
C:\Users\simon\Documents\Code\thesis-code\commons-io-master\src\main,C:\Users\simon\Documents\Code\thesis-code\commons-io-master\src\test\java\org\apache\commons\io\input\XmlStreamReaderUtilitiesTest.java
C:\Users\simon\Documents\Code\thesis-code\commons-io-master\src\main,C:\Users\simon\Documents\Code\thesis-code\commons-io-master\src\test\java\org\apache\commons\io\IOCaseTest.java
C:\Users\simon\Documents\Code\thesis-code\commons-io-master\src\main,C:\Users\simon\Documents\Code\thesis-code\commons-io-master\src\test\java\org\apache\commons\io\IOExceptionListTest.java
C:\Users\simon\Documents\Code\thesis-code\commons-io-master\src\main,C:\Users\simon\Documents\Code\thesis-code\commons-io-master\src\test\java\org\apache\commons\io\IOExceptionWithCauseTest.java
C:\Users\simon\Documents\Code\thesis-code\commons-io-master\src\main,C:\Users\simon\Documents\Code\thesis-code\commons-io-master\src\test\java\org\apache\commons\io\IOIndexedExceptionTest.java
C:\Users\simon\Documents\Code\thesis-code\commons-io-master\src\main,C:\Users\simon\Documents\Code\thesis-code\commons-io-master\src\test\java\org\apache\commons\io\IORandomAccessFileTest.java
C:\Users\simon\Documents\Code\thesis-code\commons-io-master\src\main,C:\Users\simon\Documents\Code\thesis-code\commons-io-master\src\test\java\org\apache\commons\io\IOUtilsConcurrentTest.java
C:\Users\simon\Documents\Code\thesis-code\commons-io-master\src\main,C:\Users\simon\Documents\Code\thesis-code\commons-io-master\src\test\java\org\apache\commons\io\IOUtilsCopyTest.java
C:\Users\simon\Documents\Code\thesis-code\commons-io-master\src\main,C:\Users\simon\Documents\Code\thesis-code\commons-io-master\src\test\java\org\apache\commons\io\IOUtilsMultithreadedSkipTest.java
C:\Users\simon\Documents\Code\thesis-code\commons-io-master\src\main,C:\Users\simon\Documents\Code\thesis-code\commons-io-master\src\test\java\org\apache\commons\io\IOUtilsTest.java
C:\Users\simon\Documents\Code\thesis-code\commons-io-master\src\main,C:\Users\simon\Documents\Code\thesis-code\commons-io-master\src\test\java\org\apache\commons\io\IOUtilsWriteTest.java
C:\Users\simon\Documents\Code\thesis-code\commons-io-master\src\main,C:\Users\simon\Documents\Code\thesis-code\commons-io-master\src\test\java\org\apache\commons\io\LineIteratorTest.java
C:\Users\simon\Documents\Code\thesis-code\commons-io-master\src\main,C:\Users\simon\Documents\Code\thesis-code\commons-io-master\src\test\java\org\apache\commons\io\monitor\AbstractMonitorTest.java
C:\Users\simon\Documents\Code\thesis-code\commons-io-master\src\main,C:\Users\simon\Documents\Code\thesis-code\commons-io-master\src\test\java\org\apache\commons\io\monitor\FileAlterationMonitorTest.java
C:\Users\simon\Documents\Code\thesis-code\commons-io-master\src\main,C:\Users\simon\Documents\Code\thesis-code\commons-io-master\src\test\java\org\apache\commons\io\monitor\FileAlterationObserverTest.java
C:\Users\simon\Documents\Code\thesis-code\commons-io-master\src\main,C:\Users\simon\Documents\Code\thesis-code\commons-io-master\src\test\java\org\apache\commons\io\monitor\FileEntryTest.java
C:\Users\simon\Documents\Code\thesis-code\commons-io-master\src\main,C:\Users\simon\Documents\Code\thesis-code\commons-io-master\src\test\java\org\apache\commons\io\monitor\SerializableFileTimeTest.java
C:\Users\simon\Documents\Code\thesis-code\commons-io-master\src\main,C:\Users\simon\Documents\Code\thesis-code\commons-io-master\src\test\java\org\apache\commons\io\output\AppendableOutputStreamTest.java
C:\Users\simon\Documents\Code\thesis-code\commons-io-master\src\main,C:\Users\simon\Documents\Code\thesis-code\commons-io-master\src\test\java\org\apache\commons\io\output\AppendableWriterTest.java
C:\Users\simon\Documents\Code\thesis-code\commons-io-master\src\main,C:\Users\simon\Documents\Code\thesis-code\commons-io-master\src\test\java\org\apache\commons\io\output\BrokenOutputStreamTest.java
C:\Users\simon\Documents\Code\thesis-code\commons-io-master\src\main,C:\Users\simon\Documents\Code\thesis-code\commons-io-master\src\test\java\org\apache\commons\io\output\BrokenWriterTest.java
C:\Users\simon\Documents\Code\thesis-code\commons-io-master\src\main,C:\Users\simon\Documents\Code\thesis-code\commons-io-master\src\test\java\org\apache\commons\io\output\ByteArrayOutputStreamTest.java
C:\Users\simon\Documents\Code\thesis-code\commons-io-master\src\main,C:\Users\simon\Documents\Code\thesis-code\commons-io-master\src\test\java\org\apache\commons\io\output\ChunkedOutputStreamTest.java
C:\Users\simon\Documents\Code\thesis-code\commons-io-master\src\main,C:\Users\simon\Documents\Code\thesis-code\commons-io-master\src\test\java\org\apache\commons\io\output\ChunkedWriterTest.java
C:\Users\simon\Documents\Code\thesis-code\commons-io-master\src\main,C:\Users\simon\Documents\Code\thesis-code\commons-io-master\src\test\java\org\apache\commons\io\output\ClosedOutputStreamTest.java
C:\Users\simon\Documents\Code\thesis-code\commons-io-master\src\main,C:\Users\simon\Documents\Code\thesis-code\commons-io-master\src\test\java\org\apache\commons\io\output\ClosedWriterTest.java
C:\Users\simon\Documents\Code\thesis-code\commons-io-master\src\main,C:\Users\simon\Documents\Code\thesis-code\commons-io-master\src\test\java\org\apache\commons\io\output\CloseShieldOutputStreamTest.java
C:\Users\simon\Documents\Code\thesis-code\commons-io-master\src\main,C:\Users\simon\Documents\Code\thesis-code\commons-io-master\src\test\java\org\apache\commons\io\output\CloseShieldWriterTest.java
C:\Users\simon\Documents\Code\thesis-code\commons-io-master\src\main,C:\Users\simon\Documents\Code\thesis-code\commons-io-master\src\test\java\org\apache\commons\io\output\CountingOutputStreamTest.java
C:\Users\simon\Documents\Code\thesis-code\commons-io-master\src\main,C:\Users\simon\Documents\Code\thesis-code\commons-io-master\src\test\java\org\apache\commons\io\output\DeferredFileOutputStreamTest.java
C:\Users\simon\Documents\Code\thesis-code\commons-io-master\src\main,C:\Users\simon\Documents\Code\thesis-code\commons-io-master\src\test\java\org\apache\commons\io\output\FileWriterWithEncodingTest.java
C:\Users\simon\Documents\Code\thesis-code\commons-io-master\src\main,C:\Users\simon\Documents\Code\thesis-code\commons-io-master\src\test\java\org\apache\commons\io\output\LockableFileWriterTest.java
C:\Users\simon\Documents\Code\thesis-code\commons-io-master\src\main,C:\Users\simon\Documents\Code\thesis-code\commons-io-master\src\test\java\org\apache\commons\io\output\NullAppendableTest.java
C:\Users\simon\Documents\Code\thesis-code\commons-io-master\src\main,C:\Users\simon\Documents\Code\thesis-code\commons-io-master\src\test\java\org\apache\commons\io\output\NullOutputStreamTest.java
C:\Users\simon\Documents\Code\thesis-code\commons-io-master\src\main,C:\Users\simon\Documents\Code\thesis-code\commons-io-master\src\test\java\org\apache\commons\io\output\NullPrintStreamTest.java
C:\Users\simon\Documents\Code\thesis-code\commons-io-master\src\main,C:\Users\simon\Documents\Code\thesis-code\commons-io-master\src\test\java\org\apache\commons\io\output\NullWriterTest.java
C:\Users\simon\Documents\Code\thesis-code\commons-io-master\src\main,C:\Users\simon\Documents\Code\thesis-code\commons-io-master\src\test\java\org\apache\commons\io\output\ProxyCollectionWriterTest.java
C:\Users\simon\Documents\Code\thesis-code\commons-io-master\src\main,C:\Users\simon\Documents\Code\thesis-code\commons-io-master\src\test\java\org\apache\commons\io\output\ProxyOutputStreamTest.java
C:\Users\simon\Documents\Code\thesis-code\commons-io-master\src\main,C:\Users\simon\Documents\Code\thesis-code\commons-io-master\src\test\java\org\apache\commons\io\output\ProxyWriterTest.java
C:\Users\simon\Documents\Code\thesis-code\commons-io-master\src\main,C:\Users\simon\Documents\Code\thesis-code\commons-io-master\src\test\java\org\apache\commons\io\output\QueueOutputStreamTest.java
C:\Users\simon\Documents\Code\thesis-code\commons-io-master\src\main,C:\Users\simon\Documents\Code\thesis-code\commons-io-master\src\test\java\org\apache\commons\io\output\RandomAccessFileOutputStreamTest.java
C:\Users\simon\Documents\Code\thesis-code\commons-io-master\src\main,C:\Users\simon\Documents\Code\thesis-code\commons-io-master\src\test\java\org\apache\commons\io\output\StringBuilderWriterTest.java
C:\Users\simon\Documents\Code\thesis-code\commons-io-master\src\main,C:\Users\simon\Documents\Code\thesis-code\commons-io-master\src\test\java\org\apache\commons\io\output\TaggedOutputStreamTest.java
C:\Users\simon\Documents\Code\thesis-code\commons-io-master\src\main,C:\Users\simon\Documents\Code\thesis-code\commons-io-master\src\test\java\org\apache\commons\io\output\TaggedWriterTest.java
C:\Users\simon\Documents\Code\thesis-code\commons-io-master\src\main,C:\Users\simon\Documents\Code\thesis-code\commons-io-master\src\test\java\org\apache\commons\io\output\TeeOutputStreamTest.java
C:\Users\simon\Documents\Code\thesis-code\commons-io-master\src\main,C:\Users\simon\Documents\Code\thesis-code\commons-io-master\src\test\java\org\apache\commons\io\output\TeeWriterTest.java
C:\Users\simon\Documents\Code\thesis-code\commons-io-master\src\main,C:\Users\simon\Documents\Code\thesis-code\commons-io-master\src\test\java\org\apache\commons\io\output\ThresholdingOutputStreamTest.java
C:\Users\simon\Documents\Code\thesis-code\commons-io-master\src\main,C:\Users\simon\Documents\Code\thesis-code\commons-io-master\src\test\java\org\apache\commons\io\output\UncheckedAppendableTest.java
C:\Users\simon\Documents\Code\thesis-code\commons-io-master\src\main,C:\Users\simon\Documents\Code\thesis-code\commons-io-master\src\test\java\org\apache\commons\io\output\UncheckedFilterOutputStreamTest.java
C:\Users\simon\Documents\Code\thesis-code\commons-io-master\src\main,C:\Users\simon\Documents\Code\thesis-code\commons-io-master\src\test\java\org\apache\commons\io\output\UncheckedFilterWriterTest.java
C:\Users\simon\Documents\Code\thesis-code\commons-io-master\src\main,C:\Users\simon\Documents\Code\thesis-code\commons-io-master\src\test\java\org\apache\commons\io\output\WriterOutputStreamTest.java
C:\Users\simon\Documents\Code\thesis-code\commons-io-master\src\main,C:\Users\simon\Documents\Code\thesis-code\commons-io-master\src\test\java\org\apache\commons\io\output\XmlStreamWriterTest.java
C:\Users\simon\Documents\Code\thesis-code\commons-io-master\src\main,C:\Users\simon\Documents\Code\thesis-code\commons-io-master\src\test\java\org\apache\commons\io\RandomAccessFileModeTest.java
C:\Users\simon\Documents\Code\thesis-code\commons-io-master\src\main,C:\Users\simon\Documents\Code\thesis-code\commons-io-master\src\test\java\org\apache\commons\io\RandomAccessFilesTest.java
C:\Users\simon\Documents\Code\thesis-code\commons-io-master\src\main,C:\Users\simon\Documents\Code\thesis-code\commons-io-master\src\test\java\org\apache\commons\io\serialization\AbstractCloseableListTest.java
C:\Users\simon\Documents\Code\thesis-code\commons-io-master\src\main,C:\Users\simon\Documents\Code\thesis-code\commons-io-master\src\test\java\org\apache\commons\io\serialization\FullClassNameMatcherTest.java
C:\Users\simon\Documents\Code\thesis-code\commons-io-master\src\main,C:\Users\simon\Documents\Code\thesis-code\commons-io-master\src\test\java\org\apache\commons\io\serialization\MoreComplexObjectTest.java
C:\Users\simon\Documents\Code\thesis-code\commons-io-master\src\main,C:\Users\simon\Documents\Code\thesis-code\commons-io-master\src\test\java\org\apache\commons\io\serialization\ProxyTest.java
C:\Users\simon\Documents\Code\thesis-code\commons-io-master\src\main,C:\Users\simon\Documents\Code\thesis-code\commons-io-master\src\test\java\org\apache\commons\io\serialization\RegexpClassNameMatcherTest.java
C:\Users\simon\Documents\Code\thesis-code\commons-io-master\src\main,C:\Users\simon\Documents\Code\thesis-code\commons-io-master\src\test\java\org\apache\commons\io\serialization\ValidatingObjectInputStreamTest.java
C:\Users\simon\Documents\Code\thesis-code\commons-io-master\src\main,C:\Users\simon\Documents\Code\thesis-code\commons-io-master\src\test\java\org\apache\commons\io\serialization\WildcardClassNameMatcherTest.java
C:\Users\simon\Documents\Code\thesis-code\commons-io-master\src\main,C:\Users\simon\Documents\Code\thesis-code\commons-io-master\src\test\java\org\apache\commons\io\StandardLineSeparatorTest.java
C:\Users\simon\Documents\Code\thesis-code\commons-io-master\src\main,C:\Users\simon\Documents\Code\thesis-code\commons-io-master\src\test\java\org\apache\commons\io\StreamIteratorTest.java
C:\Users\simon\Documents\Code\thesis-code\commons-io-master\src\main,C:\Users\simon\Documents\Code\thesis-code\commons-io-master\src\test\java\org\apache\commons\io\TaggedIOExceptionTest.java
C:\Users\simon\Documents\Code\thesis-code\commons-io-master\src\main,C:\Users\simon\Documents\Code\thesis-code\commons-io-master\src\test\java\org\apache\commons\io\test\TestUtils.java
C:\Users\simon\Documents\Code\thesis-code\commons-io-master\src\main,C:\Users\simon\Documents\Code\thesis-code\commons-io-master\src\test\java\org\apache\commons\io\TestResources.java
C:\Users\simon\Documents\Code\thesis-code\commons-io-master\src\main,C:\Users\simon\Documents\Code\thesis-code\commons-io-master\src\test\java\org\apache\commons\io\ThreadMonitorTest.java
C:\Users\simon\Documents\Code\thesis-code\commons-io-master\src\main,C:\Users\simon\Documents\Code\thesis-code\commons-io-master\src\test\java\org\apache\commons\io\UncheckedIOExceptionsTest.java
