FilePath,FileName,ClassName,MethodName,TotalStatements,TotalParameters,ReturnType,AccessModifier,MethodHasAnnotation,MethodHasTestInName,FileHasTestInName,ClassHasTestInName
C:\Users\simon\Documents\Code\thesis-code\commons-numbers-master\commons-numbers-arrays\src\test\java\org\apache\commons\numbers\arrays\HashIndexSetTest.java,HashIndexSetTest.java,HashIndexSetTest,testInvalidCapacityThrows,3,0,void,,true,true,true,true
C:\Users\simon\Documents\Code\thesis-code\commons-numbers-master\commons-numbers-arrays\src\test\java\org\apache\commons\numbers\arrays\HashIndexSetTest.java,HashIndexSetTest.java,HashIndexSetTest,testInvalidIndexThrows,3,0,void,,true,true,true,true
C:\Users\simon\Documents\Code\thesis-code\commons-numbers-master\commons-numbers-arrays\src\test\java\org\apache\commons\numbers\arrays\HashIndexSetTest.java,HashIndexSetTest.java,HashIndexSetTest,testCapacityExceededThrows,3,1,void,,false,true,true,true
C:\Users\simon\Documents\Code\thesis-code\commons-numbers-master\commons-numbers-arrays\src\test\java\org\apache\commons\numbers\arrays\HashIndexSetTest.java,HashIndexSetTest.java,HashIndexSetTest,testAdd,3,2,void,,false,true,true,true
C:\Users\simon\Documents\Code\thesis-code\commons-numbers-master\commons-numbers-arrays\src\test\java\org\apache\commons\numbers\arrays\HashIndexSetTest.java,HashIndexSetTest.java,HashIndexSetTest,testIndices,10,0,Stream<Arguments>,static,false,true,true,true
C:\Users\simon\Documents\Code\thesis-code\commons-numbers-master\commons-numbers-arrays\src\test\java\org\apache\commons\numbers\arrays\IndexSupportTest.java,IndexSupportTest.java,IndexSupportTest,testCheckIndex,7,3,void,,false,true,true,true
C:\Users\simon\Documents\Code\thesis-code\commons-numbers-master\commons-numbers-arrays\src\test\java\org\apache\commons\numbers\arrays\IndexSupportTest.java,IndexSupportTest.java,IndexSupportTest,testCheckIndex,7,0,Stream<Arguments>,static,false,true,true,true
C:\Users\simon\Documents\Code\thesis-code\commons-numbers-master\commons-numbers-arrays\src\test\java\org\apache\commons\numbers\arrays\IndexSupportTest.java,IndexSupportTest.java,IndexSupportTest,testCheckFromToIndex,1,3,void,,false,true,true,true
C:\Users\simon\Documents\Code\thesis-code\commons-numbers-master\commons-numbers-arrays\src\test\java\org\apache\commons\numbers\arrays\IndexSupportTest.java,IndexSupportTest.java,IndexSupportTest,testCheckFromToIndex,13,0,Stream<Arguments>,static,false,true,true,true
C:\Users\simon\Documents\Code\thesis-code\commons-numbers-master\commons-numbers-arrays\src\test\java\org\apache\commons\numbers\arrays\KeyUpdatingIntervalTest.java,KeyUpdatingIntervalTest.java,KeyUpdatingIntervalTest,testSearch,6,3,void,,false,true,true,true
C:\Users\simon\Documents\Code\thesis-code\commons-numbers-master\commons-numbers-arrays\src\test\java\org\apache\commons\numbers\arrays\KeyUpdatingIntervalTest.java,KeyUpdatingIntervalTest.java,KeyUpdatingIntervalTest,testSearch,14,0,Stream<Arguments>,static,false,true,true,true
C:\Users\simon\Documents\Code\thesis-code\commons-numbers-master\commons-numbers-arrays\src\test\java\org\apache\commons\numbers\arrays\MultidimensionalCounterTest.java,MultidimensionalCounterTest.java,MultidimensionalCounterTest,testPreconditions,11,0,void,,true,true,true,true
C:\Users\simon\Documents\Code\thesis-code\commons-numbers-master\commons-numbers-arrays\src\test\java\org\apache\commons\numbers\arrays\MultidimensionalCounterTest.java,MultidimensionalCounterTest.java,MultidimensionalCounterTest,testMulti2UniConversion,3,0,void,,true,true,true,true
C:\Users\simon\Documents\Code\thesis-code\commons-numbers-master\commons-numbers-arrays\src\test\java\org\apache\commons\numbers\arrays\MultidimensionalCounterTest.java,MultidimensionalCounterTest.java,MultidimensionalCounterTest,testAccessors,6,0,void,,true,true,true,true
C:\Users\simon\Documents\Code\thesis-code\commons-numbers-master\commons-numbers-arrays\src\test\java\org\apache\commons\numbers\arrays\MultidimensionalCounterTest.java,MultidimensionalCounterTest.java,MultidimensionalCounterTest,testIterationConsistency,6,0,void,,true,true,true,true
C:\Users\simon\Documents\Code\thesis-code\commons-numbers-master\commons-numbers-arrays\src\test\java\org\apache\commons\numbers\arrays\MultidimensionalCounterTest.java,MultidimensionalCounterTest.java,MultidimensionalCounterTest,testToString,3,0,void,,true,true,true,true
C:\Users\simon\Documents\Code\thesis-code\commons-numbers-master\commons-numbers-arrays\src\test\java\org\apache\commons\numbers\arrays\MultidimensionalCounterTest.java,MultidimensionalCounterTest.java,MultidimensionalCounterTest,testCommonsMathIterator,7,0,void,,true,true,true,true
C:\Users\simon\Documents\Code\thesis-code\commons-numbers-master\commons-numbers-arrays\src\test\java\org\apache\commons\numbers\arrays\SelectionTest.java,SelectionTest.java,IntPartitionFunction,left,1,0,int,public,false,false,true,false
C:\Users\simon\Documents\Code\thesis-code\commons-numbers-master\commons-numbers-arrays\src\test\java\org\apache\commons\numbers\arrays\SelectionTest.java,SelectionTest.java,IntPartitionFunction,right,1,0,int,public,false,false,true,false
C:\Users\simon\Documents\Code\thesis-code\commons-numbers-master\commons-numbers-arrays\src\test\java\org\apache\commons\numbers\arrays\SelectionTest.java,SelectionTest.java,IntPartitionFunction,updateLeft,2,1,int,public,false,false,true,false
C:\Users\simon\Documents\Code\thesis-code\commons-numbers-master\commons-numbers-arrays\src\test\java\org\apache\commons\numbers\arrays\SelectionTest.java,SelectionTest.java,IntPartitionFunction,updateRight,2,1,int,public,false,false,true,false
C:\Users\simon\Documents\Code\thesis-code\commons-numbers-master\commons-numbers-arrays\src\test\java\org\apache\commons\numbers\arrays\SelectionTest.java,SelectionTest.java,IntPartitionFunction,splitLeft,3,2,UpdatingInterval,public,false,false,true,false
C:\Users\simon\Documents\Code\thesis-code\commons-numbers-master\commons-numbers-arrays\src\test\java\org\apache\commons\numbers\arrays\SelectionTest.java,SelectionTest.java,IntPartitionFunction,partition,0,5,void,,false,false,true,false
C:\Users\simon\Documents\Code\thesis-code\commons-numbers-master\commons-numbers-arrays\src\test\java\org\apache\commons\numbers\arrays\SelectionTest.java,SelectionTest.java,IntPartitionFunction,partition,0,3,void,,false,false,true,false
C:\Users\simon\Documents\Code\thesis-code\commons-numbers-master\commons-numbers-arrays\src\test\java\org\apache\commons\numbers\arrays\SelectionTest.java,SelectionTest.java,IntPartitionFunction,sort,3,1,double[],private; static,false,false,true,false
C:\Users\simon\Documents\Code\thesis-code\commons-numbers-master\commons-numbers-arrays\src\test\java\org\apache\commons\numbers\arrays\SelectionTest.java,SelectionTest.java,IntPartitionFunction,sort,3,3,double[],private; static,false,false,true,false
C:\Users\simon\Documents\Code\thesis-code\commons-numbers-master\commons-numbers-arrays\src\test\java\org\apache\commons\numbers\arrays\SelectionTest.java,SelectionTest.java,IntPartitionFunction,sortNaN,4,1,int,private; static,false,false,true,false
C:\Users\simon\Documents\Code\thesis-code\commons-numbers-master\commons-numbers-arrays\src\test\java\org\apache\commons\numbers\arrays\SelectionTest.java,SelectionTest.java,IntPartitionFunction,replaceNegativeZeros,1,3,void,private; static,false,false,true,false
C:\Users\simon\Documents\Code\thesis-code\commons-numbers-master\commons-numbers-arrays\src\test\java\org\apache\commons\numbers\arrays\SelectionTest.java,SelectionTest.java,IntPartitionFunction,restoreNegativeZeros,1,3,void,private; static,false,false,true,false
C:\Users\simon\Documents\Code\thesis-code\commons-numbers-master\commons-numbers-arrays\src\test\java\org\apache\commons\numbers\arrays\SelectionTest.java,SelectionTest.java,IntPartitionFunction,testDoubleHeapSelectLeft,4,3,void,,false,true,true,false
C:\Users\simon\Documents\Code\thesis-code\commons-numbers-master\commons-numbers-arrays\src\test\java\org\apache\commons\numbers\arrays\SelectionTest.java,SelectionTest.java,IntPartitionFunction,testDoubleHeapSelectRight,4,3,void,,false,true,true,false
C:\Users\simon\Documents\Code\thesis-code\commons-numbers-master\commons-numbers-arrays\src\test\java\org\apache\commons\numbers\arrays\SelectionTest.java,SelectionTest.java,IntPartitionFunction,testDoubleHeapSelect,10,0,Stream<Arguments>,static,false,true,true,false
C:\Users\simon\Documents\Code\thesis-code\commons-numbers-master\commons-numbers-arrays\src\test\java\org\apache\commons\numbers\arrays\SelectionTest.java,SelectionTest.java,IntPartitionFunction,testDoubleHeapSelectRange,1,5,void,,false,true,true,false
C:\Users\simon\Documents\Code\thesis-code\commons-numbers-master\commons-numbers-arrays\src\test\java\org\apache\commons\numbers\arrays\SelectionTest.java,SelectionTest.java,IntPartitionFunction,testDoubleHeapSelectRange,8,0,Stream<Arguments>,static,false,true,true,false
C:\Users\simon\Documents\Code\thesis-code\commons-numbers-master\commons-numbers-arrays\src\test\java\org\apache\commons\numbers\arrays\SelectionTest.java,SelectionTest.java,IntPartitionFunction,testDoubleSelectMinMax,14,0,Stream<Arguments>,static,false,true,true,false
C:\Users\simon\Documents\Code\thesis-code\commons-numbers-master\commons-numbers-arrays\src\test\java\org\apache\commons\numbers\arrays\SelectionTest.java,SelectionTest.java,IntPartitionFunction,testDoubleSelectMinMax2,19,0,Stream<Arguments>,static,false,true,true,false
C:\Users\simon\Documents\Code\thesis-code\commons-numbers-master\commons-numbers-arrays\src\test\java\org\apache\commons\numbers\arrays\SelectionTest.java,SelectionTest.java,IntPartitionFunction,testDoubleSortSelectLeft,4,3,void,,false,true,true,false
C:\Users\simon\Documents\Code\thesis-code\commons-numbers-master\commons-numbers-arrays\src\test\java\org\apache\commons\numbers\arrays\SelectionTest.java,SelectionTest.java,IntPartitionFunction,testDoubleSortSelectRight,4,3,void,,false,true,true,false
C:\Users\simon\Documents\Code\thesis-code\commons-numbers-master\commons-numbers-arrays\src\test\java\org\apache\commons\numbers\arrays\SelectionTest.java,SelectionTest.java,IntPartitionFunction,testDoubleSortSelectRange,1,5,void,,false,true,true,false
C:\Users\simon\Documents\Code\thesis-code\commons-numbers-master\commons-numbers-arrays\src\test\java\org\apache\commons\numbers\arrays\SelectionTest.java,SelectionTest.java,IntPartitionFunction,assertPartitionRange,7,7,void,private; static,false,false,true,false
C:\Users\simon\Documents\Code\thesis-code\commons-numbers-master\commons-numbers-arrays\src\test\java\org\apache\commons\numbers\arrays\SelectionTest.java,SelectionTest.java,IntPartitionFunction,testDoubleSelectThrows,8,4,void,,false,true,true,false
C:\Users\simon\Documents\Code\thesis-code\commons-numbers-master\commons-numbers-arrays\src\test\java\org\apache\commons\numbers\arrays\SelectionTest.java,SelectionTest.java,IntPartitionFunction,testDoubleSelectThrows,18,0,Stream<Arguments>,static,false,true,true,false
C:\Users\simon\Documents\Code\thesis-code\commons-numbers-master\commons-numbers-arrays\src\test\java\org\apache\commons\numbers\arrays\SelectionTest.java,SelectionTest.java,IntPartitionFunction,testDoubleQuickSelectAdaptiveFRSampling,1,2,void,,false,true,true,false
C:\Users\simon\Documents\Code\thesis-code\commons-numbers-master\commons-numbers-arrays\src\test\java\org\apache\commons\numbers\arrays\SelectionTest.java,SelectionTest.java,IntPartitionFunction,testDoubleQuickSelectAdaptiveSampling,1,2,void,,false,true,true,false
C:\Users\simon\Documents\Code\thesis-code\commons-numbers-master\commons-numbers-arrays\src\test\java\org\apache\commons\numbers\arrays\SelectionTest.java,SelectionTest.java,IntPartitionFunction,testDoubleQuickSelectAdaptiveAdaption,1,2,void,,false,true,true,false
C:\Users\simon\Documents\Code\thesis-code\commons-numbers-master\commons-numbers-arrays\src\test\java\org\apache\commons\numbers\arrays\SelectionTest.java,SelectionTest.java,IntPartitionFunction,testDoubleQuickSelectAdaptiveStrict,1,2,void,,false,true,true,false
C:\Users\simon\Documents\Code\thesis-code\commons-numbers-master\commons-numbers-arrays\src\test\java\org\apache\commons\numbers\arrays\SelectionTest.java,SelectionTest.java,IntPartitionFunction,assertQuickSelectAdaptive,4,3,void,private; static,false,false,true,false
C:\Users\simon\Documents\Code\thesis-code\commons-numbers-master\commons-numbers-arrays\src\test\java\org\apache\commons\numbers\arrays\SelectionTest.java,SelectionTest.java,IntPartitionFunction,testDoubleDualPivotQuickSelectMaxRecursion,1,2,void,,false,true,true,false
C:\Users\simon\Documents\Code\thesis-code\commons-numbers-master\commons-numbers-arrays\src\test\java\org\apache\commons\numbers\arrays\SelectionTest.java,SelectionTest.java,IntPartitionFunction,testDoubleSelect,1,2,void,,false,true,true,false
C:\Users\simon\Documents\Code\thesis-code\commons-numbers-master\commons-numbers-arrays\src\test\java\org\apache\commons\numbers\arrays\SelectionTest.java,SelectionTest.java,IntPartitionFunction,testDoubleSelectRange,1,2,void,,false,true,true,false
C:\Users\simon\Documents\Code\thesis-code\commons-numbers-master\commons-numbers-arrays\src\test\java\org\apache\commons\numbers\arrays\SelectionTest.java,SelectionTest.java,IntPartitionFunction,assertPartition,14,4,void,static,false,false,true,false
C:\Users\simon\Documents\Code\thesis-code\commons-numbers-master\commons-numbers-arrays\src\test\java\org\apache\commons\numbers\arrays\SelectionTest.java,SelectionTest.java,IntPartitionFunction,testDoublePartition,37,0,Stream<Arguments>,static,false,true,true,false
C:\Users\simon\Documents\Code\thesis-code\commons-numbers-master\commons-numbers-arrays\src\test\java\org\apache\commons\numbers\arrays\SelectionTest.java,SelectionTest.java,IntPartitionFunction,testDoublePartitionBigData,10,0,Stream<Arguments>,static,false,true,true,false
C:\Users\simon\Documents\Code\thesis-code\commons-numbers-master\commons-numbers-arrays\src\test\java\org\apache\commons\numbers\arrays\SelectionTest.java,SelectionTest.java,IntPartitionFunction,testDoubleExpandPartition,10,5,void,,false,true,true,false
C:\Users\simon\Documents\Code\thesis-code\commons-numbers-master\commons-numbers-arrays\src\test\java\org\apache\commons\numbers\arrays\SelectionTest.java,SelectionTest.java,IntPartitionFunction,testDoubleExpandPartition,31,0,Stream<Arguments>,static,false,true,true,false
C:\Users\simon\Documents\Code\thesis-code\commons-numbers-master\commons-numbers-arrays\src\test\java\org\apache\commons\numbers\arrays\SelectionTest.java,SelectionTest.java,IntPartitionFunction,addExpandPartitionArguments,4,6,void,private; static,false,false,true,false
C:\Users\simon\Documents\Code\thesis-code\commons-numbers-master\commons-numbers-arrays\src\test\java\org\apache\commons\numbers\arrays\SelectionTest.java,SelectionTest.java,IntPartitionFunction,replace,3,3,boolean,private; static,false,false,true,false
C:\Users\simon\Documents\Code\thesis-code\commons-numbers-master\commons-numbers-arrays\src\test\java\org\apache\commons\numbers\arrays\SelectionTest.java,SelectionTest.java,IntPartitionFunction,testDoubleSortUsingHeapSelect,2,1,void,,false,true,true,false
C:\Users\simon\Documents\Code\thesis-code\commons-numbers-master\commons-numbers-arrays\src\test\java\org\apache\commons\numbers\arrays\SelectionTest.java,SelectionTest.java,IntPartitionFunction,testDoubleSortUsingHeapSelectLeft,2,1,void,,false,true,true,false
C:\Users\simon\Documents\Code\thesis-code\commons-numbers-master\commons-numbers-arrays\src\test\java\org\apache\commons\numbers\arrays\SelectionTest.java,SelectionTest.java,IntPartitionFunction,testDoubleSortUsingHeapSelectRight,2,1,void,,false,true,true,false
C:\Users\simon\Documents\Code\thesis-code\commons-numbers-master\commons-numbers-arrays\src\test\java\org\apache\commons\numbers\arrays\SelectionTest.java,SelectionTest.java,IntPartitionFunction,testDoubleSortUsingSelection,1,1,void,,false,true,true,false
C:\Users\simon\Documents\Code\thesis-code\commons-numbers-master\commons-numbers-arrays\src\test\java\org\apache\commons\numbers\arrays\SelectionTest.java,SelectionTest.java,IntPartitionFunction,assertSort,4,2,void,private; static,false,false,true,false
C:\Users\simon\Documents\Code\thesis-code\commons-numbers-master\commons-numbers-arrays\src\test\java\org\apache\commons\numbers\arrays\SelectionTest.java,SelectionTest.java,IntPartitionFunction,testDoubleSort,13,0,Stream<double[]>,static,false,true,true,false
C:\Users\simon\Documents\Code\thesis-code\commons-numbers-master\commons-numbers-arrays\src\test\java\org\apache\commons\numbers\arrays\SelectionTest.java,SelectionTest.java,IntPartitionFunction,partition,0,5,void,,false,false,true,false
C:\Users\simon\Documents\Code\thesis-code\commons-numbers-master\commons-numbers-arrays\src\test\java\org\apache\commons\numbers\arrays\SelectionTest.java,SelectionTest.java,IntPartitionFunction,partition,0,3,void,,false,false,true,false
C:\Users\simon\Documents\Code\thesis-code\commons-numbers-master\commons-numbers-arrays\src\test\java\org\apache\commons\numbers\arrays\SelectionTest.java,SelectionTest.java,IntPartitionFunction,sort,3,1,int[],private; static,false,false,true,false
C:\Users\simon\Documents\Code\thesis-code\commons-numbers-master\commons-numbers-arrays\src\test\java\org\apache\commons\numbers\arrays\SelectionTest.java,SelectionTest.java,IntPartitionFunction,sort,3,3,int[],private; static,false,false,true,false
C:\Users\simon\Documents\Code\thesis-code\commons-numbers-master\commons-numbers-arrays\src\test\java\org\apache\commons\numbers\arrays\SelectionTest.java,SelectionTest.java,IntPartitionFunction,testIntHeapSelectLeft,4,3,void,,false,true,true,false
C:\Users\simon\Documents\Code\thesis-code\commons-numbers-master\commons-numbers-arrays\src\test\java\org\apache\commons\numbers\arrays\SelectionTest.java,SelectionTest.java,IntPartitionFunction,testIntHeapSelectRight,4,3,void,,false,true,true,false
C:\Users\simon\Documents\Code\thesis-code\commons-numbers-master\commons-numbers-arrays\src\test\java\org\apache\commons\numbers\arrays\SelectionTest.java,SelectionTest.java,IntPartitionFunction,testIntHeapSelect,10,0,Stream<Arguments>,static,false,true,true,false
C:\Users\simon\Documents\Code\thesis-code\commons-numbers-master\commons-numbers-arrays\src\test\java\org\apache\commons\numbers\arrays\SelectionTest.java,SelectionTest.java,IntPartitionFunction,testIntHeapSelectRange,1,5,void,,false,true,true,false
C:\Users\simon\Documents\Code\thesis-code\commons-numbers-master\commons-numbers-arrays\src\test\java\org\apache\commons\numbers\arrays\SelectionTest.java,SelectionTest.java,IntPartitionFunction,testIntHeapSelectRange,8,0,Stream<Arguments>,static,false,true,true,false
C:\Users\simon\Documents\Code\thesis-code\commons-numbers-master\commons-numbers-arrays\src\test\java\org\apache\commons\numbers\arrays\SelectionTest.java,SelectionTest.java,IntPartitionFunction,testIntSelectMinMax,14,0,Stream<Arguments>,static,false,true,true,false
C:\Users\simon\Documents\Code\thesis-code\commons-numbers-master\commons-numbers-arrays\src\test\java\org\apache\commons\numbers\arrays\SelectionTest.java,SelectionTest.java,IntPartitionFunction,testIntSelectMinMax2,19,0,Stream<Arguments>,static,false,true,true,false
C:\Users\simon\Documents\Code\thesis-code\commons-numbers-master\commons-numbers-arrays\src\test\java\org\apache\commons\numbers\arrays\SelectionTest.java,SelectionTest.java,IntPartitionFunction,testIntSortSelectLeft,4,3,void,,false,true,true,false
C:\Users\simon\Documents\Code\thesis-code\commons-numbers-master\commons-numbers-arrays\src\test\java\org\apache\commons\numbers\arrays\SelectionTest.java,SelectionTest.java,IntPartitionFunction,testIntSortSelectRight,4,3,void,,false,true,true,false
C:\Users\simon\Documents\Code\thesis-code\commons-numbers-master\commons-numbers-arrays\src\test\java\org\apache\commons\numbers\arrays\SelectionTest.java,SelectionTest.java,IntPartitionFunction,testIntSortSelectRange,1,5,void,,false,true,true,false
C:\Users\simon\Documents\Code\thesis-code\commons-numbers-master\commons-numbers-arrays\src\test\java\org\apache\commons\numbers\arrays\SelectionTest.java,SelectionTest.java,IntPartitionFunction,assertPartitionRange,7,7,void,private; static,false,false,true,false
C:\Users\simon\Documents\Code\thesis-code\commons-numbers-master\commons-numbers-arrays\src\test\java\org\apache\commons\numbers\arrays\SelectionTest.java,SelectionTest.java,IntPartitionFunction,testIntSelectThrows,8,4,void,,false,true,true,false
C:\Users\simon\Documents\Code\thesis-code\commons-numbers-master\commons-numbers-arrays\src\test\java\org\apache\commons\numbers\arrays\SelectionTest.java,SelectionTest.java,IntPartitionFunction,testIntSelectThrows,18,0,Stream<Arguments>,static,false,true,true,false
C:\Users\simon\Documents\Code\thesis-code\commons-numbers-master\commons-numbers-arrays\src\test\java\org\apache\commons\numbers\arrays\SelectionTest.java,SelectionTest.java,IntPartitionFunction,testIntQuickSelectAdaptiveFRSampling,1,2,void,,false,true,true,false
C:\Users\simon\Documents\Code\thesis-code\commons-numbers-master\commons-numbers-arrays\src\test\java\org\apache\commons\numbers\arrays\SelectionTest.java,SelectionTest.java,IntPartitionFunction,testIntQuickSelectAdaptiveSampling,1,2,void,,false,true,true,false
C:\Users\simon\Documents\Code\thesis-code\commons-numbers-master\commons-numbers-arrays\src\test\java\org\apache\commons\numbers\arrays\SelectionTest.java,SelectionTest.java,IntPartitionFunction,testIntQuickSelectAdaptiveAdaption,1,2,void,,false,true,true,false
C:\Users\simon\Documents\Code\thesis-code\commons-numbers-master\commons-numbers-arrays\src\test\java\org\apache\commons\numbers\arrays\SelectionTest.java,SelectionTest.java,IntPartitionFunction,testIntQuickSelectAdaptiveStrict,1,2,void,,false,true,true,false
C:\Users\simon\Documents\Code\thesis-code\commons-numbers-master\commons-numbers-arrays\src\test\java\org\apache\commons\numbers\arrays\SelectionTest.java,SelectionTest.java,IntPartitionFunction,assertQuickSelectAdaptive,4,3,void,private; static,false,false,true,false
C:\Users\simon\Documents\Code\thesis-code\commons-numbers-master\commons-numbers-arrays\src\test\java\org\apache\commons\numbers\arrays\SelectionTest.java,SelectionTest.java,IntPartitionFunction,testIntDualPivotQuickSelectMaxRecursion,1,2,void,,false,true,true,false
C:\Users\simon\Documents\Code\thesis-code\commons-numbers-master\commons-numbers-arrays\src\test\java\org\apache\commons\numbers\arrays\SelectionTest.java,SelectionTest.java,IntPartitionFunction,testIntSelect,1,2,void,,false,true,true,false
C:\Users\simon\Documents\Code\thesis-code\commons-numbers-master\commons-numbers-arrays\src\test\java\org\apache\commons\numbers\arrays\SelectionTest.java,SelectionTest.java,IntPartitionFunction,testIntSelectRange,1,2,void,,false,true,true,false
C:\Users\simon\Documents\Code\thesis-code\commons-numbers-master\commons-numbers-arrays\src\test\java\org\apache\commons\numbers\arrays\SelectionTest.java,SelectionTest.java,IntPartitionFunction,assertPartition,14,4,void,static,false,false,true,false
C:\Users\simon\Documents\Code\thesis-code\commons-numbers-master\commons-numbers-arrays\src\test\java\org\apache\commons\numbers\arrays\SelectionTest.java,SelectionTest.java,IntPartitionFunction,testIntPartition,37,0,Stream<Arguments>,static,false,true,true,false
C:\Users\simon\Documents\Code\thesis-code\commons-numbers-master\commons-numbers-arrays\src\test\java\org\apache\commons\numbers\arrays\SelectionTest.java,SelectionTest.java,IntPartitionFunction,testIntPartitionBigData,10,0,Stream<Arguments>,static,false,true,true,false
C:\Users\simon\Documents\Code\thesis-code\commons-numbers-master\commons-numbers-arrays\src\test\java\org\apache\commons\numbers\arrays\SelectionTest.java,SelectionTest.java,IntPartitionFunction,testIntExpandPartition,10,5,void,,false,true,true,false
C:\Users\simon\Documents\Code\thesis-code\commons-numbers-master\commons-numbers-arrays\src\test\java\org\apache\commons\numbers\arrays\SelectionTest.java,SelectionTest.java,IntPartitionFunction,testIntExpandPartition,31,0,Stream<Arguments>,static,false,true,true,false
C:\Users\simon\Documents\Code\thesis-code\commons-numbers-master\commons-numbers-arrays\src\test\java\org\apache\commons\numbers\arrays\SelectionTest.java,SelectionTest.java,IntPartitionFunction,addExpandPartitionArguments,4,6,void,private; static,false,false,true,false
C:\Users\simon\Documents\Code\thesis-code\commons-numbers-master\commons-numbers-arrays\src\test\java\org\apache\commons\numbers\arrays\SelectionTest.java,SelectionTest.java,IntPartitionFunction,replace,3,3,boolean,private; static,false,false,true,false
C:\Users\simon\Documents\Code\thesis-code\commons-numbers-master\commons-numbers-arrays\src\test\java\org\apache\commons\numbers\arrays\SelectionTest.java,SelectionTest.java,IntPartitionFunction,testIntSortUsingHeapSelect,2,1,void,,false,true,true,false
C:\Users\simon\Documents\Code\thesis-code\commons-numbers-master\commons-numbers-arrays\src\test\java\org\apache\commons\numbers\arrays\SelectionTest.java,SelectionTest.java,IntPartitionFunction,testIntSortUsingHeapSelectLeft,2,1,void,,false,true,true,false
C:\Users\simon\Documents\Code\thesis-code\commons-numbers-master\commons-numbers-arrays\src\test\java\org\apache\commons\numbers\arrays\SelectionTest.java,SelectionTest.java,IntPartitionFunction,testIntSortUsingHeapSelectRight,2,1,void,,false,true,true,false
C:\Users\simon\Documents\Code\thesis-code\commons-numbers-master\commons-numbers-arrays\src\test\java\org\apache\commons\numbers\arrays\SelectionTest.java,SelectionTest.java,IntPartitionFunction,testIntSortUsingSelection,1,1,void,,false,true,true,false
C:\Users\simon\Documents\Code\thesis-code\commons-numbers-master\commons-numbers-arrays\src\test\java\org\apache\commons\numbers\arrays\SelectionTest.java,SelectionTest.java,IntPartitionFunction,assertSort,4,2,void,private; static,false,false,true,false
C:\Users\simon\Documents\Code\thesis-code\commons-numbers-master\commons-numbers-arrays\src\test\java\org\apache\commons\numbers\arrays\SelectionTest.java,SelectionTest.java,IntPartitionFunction,testIntSort,13,0,Stream<int[]>,static,false,true,true,false
C:\Users\simon\Documents\Code\thesis-code\commons-numbers-master\commons-numbers-arrays\src\test\java\org\apache\commons\numbers\arrays\SelectionTest.java,SelectionTest.java,IntPartitionFunction,testDualPivotMaxDepth,12,0,void,,true,true,true,false
C:\Users\simon\Documents\Code\thesis-code\commons-numbers-master\commons-numbers-arrays\src\test\java\org\apache\commons\numbers\arrays\SelectionTest.java,SelectionTest.java,IntPartitionFunction,log3,1,1,int,private; static,false,false,true,false
C:\Users\simon\Documents\Code\thesis-code\commons-numbers-master\commons-numbers-arrays\src\test\java\org\apache\commons\numbers\arrays\SortingTest.java,SortingTest.java,IndexSort,insertionSortIndices,0,2,int,,false,false,true,false
C:\Users\simon\Documents\Code\thesis-code\commons-numbers-master\commons-numbers-arrays\src\test\java\org\apache\commons\numbers\arrays\SortingTest.java,SortingTest.java,IndexSort,testDoubleInsertionSort,1,1,void,,false,true,true,false
C:\Users\simon\Documents\Code\thesis-code\commons-numbers-master\commons-numbers-arrays\src\test\java\org\apache\commons\numbers\arrays\SortingTest.java,SortingTest.java,IndexSort,testDoubleSort3,2,1,void,,false,true,true,false
C:\Users\simon\Documents\Code\thesis-code\commons-numbers-master\commons-numbers-arrays\src\test\java\org\apache\commons\numbers\arrays\SortingTest.java,SortingTest.java,IndexSort,testDoubleSort5,2,1,void,,false,true,true,false
C:\Users\simon\Documents\Code\thesis-code\commons-numbers-master\commons-numbers-arrays\src\test\java\org\apache\commons\numbers\arrays\SortingTest.java,SortingTest.java,IndexSort,testDoubleSort3Internal,4,2,void,,false,true,true,false
C:\Users\simon\Documents\Code\thesis-code\commons-numbers-master\commons-numbers-arrays\src\test\java\org\apache\commons\numbers\arrays\SortingTest.java,SortingTest.java,IndexSort,testDoubleSort5Internal,6,2,void,,false,true,true,false
C:\Users\simon\Documents\Code\thesis-code\commons-numbers-master\commons-numbers-arrays\src\test\java\org\apache\commons\numbers\arrays\SortingTest.java,SortingTest.java,IndexSort,assertSort,5,2,void,private; static,false,false,true,false
C:\Users\simon\Documents\Code\thesis-code\commons-numbers-master\commons-numbers-arrays\src\test\java\org\apache\commons\numbers\arrays\SortingTest.java,SortingTest.java,IndexSort,assertSortInternal,8,3,void,private; static,false,false,true,false
C:\Users\simon\Documents\Code\thesis-code\commons-numbers-master\commons-numbers-arrays\src\test\java\org\apache\commons\numbers\arrays\SortingTest.java,SortingTest.java,IndexSort,testDoubleSort,4,0,Stream<double[]>,static,false,true,true,false
C:\Users\simon\Documents\Code\thesis-code\commons-numbers-master\commons-numbers-arrays\src\test\java\org\apache\commons\numbers\arrays\SortingTest.java,SortingTest.java,IndexSort,testDoubleSort3,5,0,Stream<double[]>,static,false,true,true,false
C:\Users\simon\Documents\Code\thesis-code\commons-numbers-master\commons-numbers-arrays\src\test\java\org\apache\commons\numbers\arrays\SortingTest.java,SortingTest.java,IndexSort,testDoubleSort5,5,0,Stream<double[]>,static,false,true,true,false
C:\Users\simon\Documents\Code\thesis-code\commons-numbers-master\commons-numbers-arrays\src\test\java\org\apache\commons\numbers\arrays\SortingTest.java,SortingTest.java,IndexSort,testDoubleSort3Internal,1,0,Stream<Arguments>,static,false,true,true,false
C:\Users\simon\Documents\Code\thesis-code\commons-numbers-master\commons-numbers-arrays\src\test\java\org\apache\commons\numbers\arrays\SortingTest.java,SortingTest.java,IndexSort,testDoubleSort5Internal,1,0,Stream<Arguments>,static,false,true,true,false
C:\Users\simon\Documents\Code\thesis-code\commons-numbers-master\commons-numbers-arrays\src\test\java\org\apache\commons\numbers\arrays\SortingTest.java,SortingTest.java,IndexSort,testDoubleSortInternal,4,1,Stream<Arguments>,static,false,true,true,false
C:\Users\simon\Documents\Code\thesis-code\commons-numbers-master\commons-numbers-arrays\src\test\java\org\apache\commons\numbers\arrays\SortingTest.java,SortingTest.java,IndexSort,testDoubleLowerMedian4Internal,5,2,void,,false,true,true,false
C:\Users\simon\Documents\Code\thesis-code\commons-numbers-master\commons-numbers-arrays\src\test\java\org\apache\commons\numbers\arrays\SortingTest.java,SortingTest.java,IndexSort,testDoubleUpperMedian4Internal,5,2,void,,false,true,true,false
C:\Users\simon\Documents\Code\thesis-code\commons-numbers-master\commons-numbers-arrays\src\test\java\org\apache\commons\numbers\arrays\SortingTest.java,SortingTest.java,IndexSort,testDoubleLowerMedian4,1,1,void,,false,true,true,false
C:\Users\simon\Documents\Code\thesis-code\commons-numbers-master\commons-numbers-arrays\src\test\java\org\apache\commons\numbers\arrays\SortingTest.java,SortingTest.java,IndexSort,testDoubleUpperMedian4,1,1,void,,false,true,true,false
C:\Users\simon\Documents\Code\thesis-code\commons-numbers-master\commons-numbers-arrays\src\test\java\org\apache\commons\numbers\arrays\SortingTest.java,SortingTest.java,IndexSort,assertMedian,8,5,void,private; static,false,false,true,false
C:\Users\simon\Documents\Code\thesis-code\commons-numbers-master\commons-numbers-arrays\src\test\java\org\apache\commons\numbers\arrays\SortingTest.java,SortingTest.java,IndexSort,testDoubleSort4,5,0,Stream<double[]>,static,false,true,true,false
C:\Users\simon\Documents\Code\thesis-code\commons-numbers-master\commons-numbers-arrays\src\test\java\org\apache\commons\numbers\arrays\SortingTest.java,SortingTest.java,IndexSort,testDoubleSort4Internal,5,0,Stream<Arguments>,static,false,true,true,false
C:\Users\simon\Documents\Code\thesis-code\commons-numbers-master\commons-numbers-arrays\src\test\java\org\apache\commons\numbers\arrays\SortingTest.java,SortingTest.java,IndexSort,extractIndices,3,2,double[],private; static,false,false,true,false
C:\Users\simon\Documents\Code\thesis-code\commons-numbers-master\commons-numbers-arrays\src\test\java\org\apache\commons\numbers\arrays\SortingTest.java,SortingTest.java,IndexSort,testIntInsertionSort,1,1,void,,false,true,true,false
C:\Users\simon\Documents\Code\thesis-code\commons-numbers-master\commons-numbers-arrays\src\test\java\org\apache\commons\numbers\arrays\SortingTest.java,SortingTest.java,IndexSort,testIntSort3,2,1,void,,false,true,true,false
C:\Users\simon\Documents\Code\thesis-code\commons-numbers-master\commons-numbers-arrays\src\test\java\org\apache\commons\numbers\arrays\SortingTest.java,SortingTest.java,IndexSort,testIntSort5,2,1,void,,false,true,true,false
C:\Users\simon\Documents\Code\thesis-code\commons-numbers-master\commons-numbers-arrays\src\test\java\org\apache\commons\numbers\arrays\SortingTest.java,SortingTest.java,IndexSort,testIntSort3Internal,4,2,void,,false,true,true,false
C:\Users\simon\Documents\Code\thesis-code\commons-numbers-master\commons-numbers-arrays\src\test\java\org\apache\commons\numbers\arrays\SortingTest.java,SortingTest.java,IndexSort,testIntSort5Internal,6,2,void,,false,true,true,false
C:\Users\simon\Documents\Code\thesis-code\commons-numbers-master\commons-numbers-arrays\src\test\java\org\apache\commons\numbers\arrays\SortingTest.java,SortingTest.java,IndexSort,assertSort,5,2,void,private; static,false,false,true,false
C:\Users\simon\Documents\Code\thesis-code\commons-numbers-master\commons-numbers-arrays\src\test\java\org\apache\commons\numbers\arrays\SortingTest.java,SortingTest.java,IndexSort,assertSortInternal,8,3,void,private; static,false,false,true,false
C:\Users\simon\Documents\Code\thesis-code\commons-numbers-master\commons-numbers-arrays\src\test\java\org\apache\commons\numbers\arrays\SortingTest.java,SortingTest.java,IndexSort,testIntSort,4,0,Stream<int[]>,static,false,true,true,false
C:\Users\simon\Documents\Code\thesis-code\commons-numbers-master\commons-numbers-arrays\src\test\java\org\apache\commons\numbers\arrays\SortingTest.java,SortingTest.java,IndexSort,testIntSort3,5,0,Stream<int[]>,static,false,true,true,false
C:\Users\simon\Documents\Code\thesis-code\commons-numbers-master\commons-numbers-arrays\src\test\java\org\apache\commons\numbers\arrays\SortingTest.java,SortingTest.java,IndexSort,testIntSort5,5,0,Stream<int[]>,static,false,true,true,false
C:\Users\simon\Documents\Code\thesis-code\commons-numbers-master\commons-numbers-arrays\src\test\java\org\apache\commons\numbers\arrays\SortingTest.java,SortingTest.java,IndexSort,testIntSort3Internal,1,0,Stream<Arguments>,static,false,true,true,false
C:\Users\simon\Documents\Code\thesis-code\commons-numbers-master\commons-numbers-arrays\src\test\java\org\apache\commons\numbers\arrays\SortingTest.java,SortingTest.java,IndexSort,testIntSort5Internal,1,0,Stream<Arguments>,static,false,true,true,false
C:\Users\simon\Documents\Code\thesis-code\commons-numbers-master\commons-numbers-arrays\src\test\java\org\apache\commons\numbers\arrays\SortingTest.java,SortingTest.java,IndexSort,testIntSortInternal,4,1,Stream<Arguments>,static,false,true,true,false
C:\Users\simon\Documents\Code\thesis-code\commons-numbers-master\commons-numbers-arrays\src\test\java\org\apache\commons\numbers\arrays\SortingTest.java,SortingTest.java,IndexSort,testIntLowerMedian4Internal,5,2,void,,false,true,true,false
C:\Users\simon\Documents\Code\thesis-code\commons-numbers-master\commons-numbers-arrays\src\test\java\org\apache\commons\numbers\arrays\SortingTest.java,SortingTest.java,IndexSort,testIntUpperMedian4Internal,5,2,void,,false,true,true,false
C:\Users\simon\Documents\Code\thesis-code\commons-numbers-master\commons-numbers-arrays\src\test\java\org\apache\commons\numbers\arrays\SortingTest.java,SortingTest.java,IndexSort,testIntLowerMedian4,1,1,void,,false,true,true,false
C:\Users\simon\Documents\Code\thesis-code\commons-numbers-master\commons-numbers-arrays\src\test\java\org\apache\commons\numbers\arrays\SortingTest.java,SortingTest.java,IndexSort,testIntUpperMedian4,1,1,void,,false,true,true,false
C:\Users\simon\Documents\Code\thesis-code\commons-numbers-master\commons-numbers-arrays\src\test\java\org\apache\commons\numbers\arrays\SortingTest.java,SortingTest.java,IndexSort,assertMedian,8,5,void,private; static,false,false,true,false
C:\Users\simon\Documents\Code\thesis-code\commons-numbers-master\commons-numbers-arrays\src\test\java\org\apache\commons\numbers\arrays\SortingTest.java,SortingTest.java,IndexSort,testIntSort4,5,0,Stream<int[]>,static,false,true,true,false
C:\Users\simon\Documents\Code\thesis-code\commons-numbers-master\commons-numbers-arrays\src\test\java\org\apache\commons\numbers\arrays\SortingTest.java,SortingTest.java,IndexSort,testIntSort4Internal,5,0,Stream<Arguments>,static,false,true,true,false
C:\Users\simon\Documents\Code\thesis-code\commons-numbers-master\commons-numbers-arrays\src\test\java\org\apache\commons\numbers\arrays\SortingTest.java,SortingTest.java,IndexSort,extractIndices,3,2,int[],private; static,false,false,true,false
C:\Users\simon\Documents\Code\thesis-code\commons-numbers-master\commons-numbers-arrays\src\test\java\org\apache\commons\numbers\arrays\SortingTest.java,SortingTest.java,IndexSort,testInsertionSortIndices,1,2,void,,false,true,true,false
C:\Users\simon\Documents\Code\thesis-code\commons-numbers-master\commons-numbers-arrays\src\test\java\org\apache\commons\numbers\arrays\SortingTest.java,SortingTest.java,IndexSort,testSortIndices,1,2,void,,false,true,true,false
C:\Users\simon\Documents\Code\thesis-code\commons-numbers-master\commons-numbers-arrays\src\test\java\org\apache\commons\numbers\arrays\SortingTest.java,SortingTest.java,IndexSort,assertSortIndices,11,4,void,private; static,false,false,true,false
C:\Users\simon\Documents\Code\thesis-code\commons-numbers-master\commons-numbers-arrays\src\test\java\org\apache\commons\numbers\arrays\SortingTest.java,SortingTest.java,IndexSort,testSortIndices,29,0,Stream<Arguments>,static,false,true,true,false
C:\Users\simon\Documents\Code\thesis-code\commons-numbers-master\commons-numbers-arrays\src\test\java\org\apache\commons\numbers\arrays\SortingTest.java,SortingTest.java,IndexSort,containsDuplicates,2,1,boolean,private; static,false,false,true,false
C:\Users\simon\Documents\Code\thesis-code\commons-numbers-master\commons-numbers-arrays\src\test\java\org\apache\commons\numbers\arrays\SortInPlaceTest.java,SortInPlaceTest.java,SortInPlaceTest,testAscending,10,0,void,,true,true,true,true
C:\Users\simon\Documents\Code\thesis-code\commons-numbers-master\commons-numbers-arrays\src\test\java\org\apache\commons\numbers\arrays\SortInPlaceTest.java,SortInPlaceTest.java,SortInPlaceTest,testDescending,10,0,void,,true,true,true,true
C:\Users\simon\Documents\Code\thesis-code\commons-numbers-master\commons-numbers-arrays\src\test\java\org\apache\commons\numbers\arrays\SortInPlaceTest.java,SortInPlaceTest.java,SortInPlaceTest,testJavadocExample,10,0,void,,true,true,true,true
C:\Users\simon\Documents\Code\thesis-code\commons-numbers-master\commons-numbers-arrays\src\test\java\org\apache\commons\numbers\arrays\SortInPlaceTest.java,SortInPlaceTest.java,SortInPlaceTest,testPreconditions,7,0,void,,true,true,true,true
C:\Users\simon\Documents\Code\thesis-code\commons-numbers-master\commons-numbers-arrays\src\test\java\org\apache\commons\numbers\arrays\UpdatingIntervalTest.java,UpdatingIntervalTest.java,UpdatingIntervalTest,createKeyUpdatingInterval,3,2,KeyUpdatingInterval,private; static,false,false,true,true
C:\Users\simon\Documents\Code\thesis-code\commons-numbers-master\commons-numbers-arrays\src\test\java\org\apache\commons\numbers\arrays\UpdatingIntervalTest.java,UpdatingIntervalTest.java,UpdatingIntervalTest,createBitIndexUpdatingInterval,7,2,BitIndexUpdatingInterval,private; static,false,false,true,true
C:\Users\simon\Documents\Code\thesis-code\commons-numbers-master\commons-numbers-arrays\src\test\java\org\apache\commons\numbers\arrays\UpdatingIntervalTest.java,UpdatingIntervalTest.java,UpdatingIntervalTest,testUpdateKeyInterval,1,2,void,,false,true,true,true
C:\Users\simon\Documents\Code\thesis-code\commons-numbers-master\commons-numbers-arrays\src\test\java\org\apache\commons\numbers\arrays\UpdatingIntervalTest.java,UpdatingIntervalTest.java,UpdatingIntervalTest,testUpdateBitIndexUpdatingInterval,2,2,void,,false,true,true,true
C:\Users\simon\Documents\Code\thesis-code\commons-numbers-master\commons-numbers-arrays\src\test\java\org\apache\commons\numbers\arrays\UpdatingIntervalTest.java,UpdatingIntervalTest.java,UpdatingIntervalTest,testUpdateIndexSupport,1,2,void,,false,true,true,true
C:\Users\simon\Documents\Code\thesis-code\commons-numbers-master\commons-numbers-arrays\src\test\java\org\apache\commons\numbers\arrays\UpdatingIntervalTest.java,UpdatingIntervalTest.java,UpdatingIntervalTest,testSplitKeyInterval,1,2,void,,false,true,true,true
C:\Users\simon\Documents\Code\thesis-code\commons-numbers-master\commons-numbers-arrays\src\test\java\org\apache\commons\numbers\arrays\UpdatingIntervalTest.java,UpdatingIntervalTest.java,UpdatingIntervalTest,testSplitBitIndexUpdatingInterval,2,2,void,,false,true,true,true
C:\Users\simon\Documents\Code\thesis-code\commons-numbers-master\commons-numbers-arrays\src\test\java\org\apache\commons\numbers\arrays\UpdatingIntervalTest.java,UpdatingIntervalTest.java,UpdatingIntervalTest,testSplitIndexSupport,1,2,void,,false,true,true,true
C:\Users\simon\Documents\Code\thesis-code\commons-numbers-master\commons-numbers-arrays\src\test\java\org\apache\commons\numbers\arrays\UpdatingIntervalTest.java,UpdatingIntervalTest.java,UpdatingIntervalTest,assertUpdate,9,3,void,private; static,false,false,true,true
C:\Users\simon\Documents\Code\thesis-code\commons-numbers-master\commons-numbers-arrays\src\test\java\org\apache\commons\numbers\arrays\UpdatingIntervalTest.java,UpdatingIntervalTest.java,UpdatingIntervalTest,assertSplit,2,3,void,private; static,false,false,true,true
C:\Users\simon\Documents\Code\thesis-code\commons-numbers-master\commons-numbers-arrays\src\test\java\org\apache\commons\numbers\arrays\UpdatingIntervalTest.java,UpdatingIntervalTest.java,UpdatingIntervalTest,assertSplitMedian,15,4,void,private; static,false,false,true,true
C:\Users\simon\Documents\Code\thesis-code\commons-numbers-master\commons-numbers-arrays\src\test\java\org\apache\commons\numbers\arrays\UpdatingIntervalTest.java,UpdatingIntervalTest.java,UpdatingIntervalTest,assertSplitMiddleIndices,12,4,void,private; static,false,false,true,true
C:\Users\simon\Documents\Code\thesis-code\commons-numbers-master\commons-numbers-arrays\src\test\java\org\apache\commons\numbers\arrays\UpdatingIntervalTest.java,UpdatingIntervalTest.java,UpdatingIntervalTest,testIndices,11,0,Stream<Arguments>,static,false,true,true,true
C:\Users\simon\Documents\Code\thesis-code\commons-numbers-master\commons-numbers-arrays\src\test\java\org\apache\commons\numbers\arrays\UpdatingIntervalTest.java,UpdatingIntervalTest.java,UpdatingIntervalTest,testIndexIntervalCreate,21,0,void,,true,true,true,true
C:\Users\simon\Documents\Code\thesis-code\commons-numbers-master\commons-numbers-arrays\src\test\java\org\apache\commons\numbers\arrays\UpdatingIntervalTest.java,UpdatingIntervalTest.java,UpdatingIntervalTest,reverse,1,3,void,private; static,false,false,true,true
C:\Users\simon\Documents\Code\thesis-code\commons-numbers-master\commons-numbers-arrays\src\test\java\org\apache\commons\numbers\arrays\UserGuideTest.java,UserGuideTest.java,UserGuideTest,testSortInPlace1,7,0,void,,true,true,true,true
C:\Users\simon\Documents\Code\thesis-code\commons-numbers-master\commons-numbers-arrays\src\test\java\org\apache\commons\numbers\arrays\UserGuideTest.java,UserGuideTest.java,UserGuideTest,testMultidimensionalCounter1,15,0,void,,true,true,true,true
